客代,標籤分類1,標籤分類2,標籤名稱,標籤值
1,基本類別,基本類別,性別,女
1,基本類別,基本類別,年齡區間,60-69
1,基本類別,基本類別,星座,天蠍座
1,基本類別,基本類別,居住縣市,台北市文山區
1,基本類別,基本類別,會員等級,B級會員
1,基本類別,基本類別,會員年資分組,10年以上-15年以下
1,保健,保健功效,可推薦商品類別,強化靈活關節
1,保健,保健功效,可推薦商品類別,眼睛保健
1,保健,保健功效,可推薦商品類別,腸胃保健
1,保健,高健康意識,是否有高健康意識,是
1,旅遊,旅遊偏好,旅遊國家偏好,日韓
1,旅遊,旅遊偏好,旅遊國家偏好,歐美
1,旅遊,旅遊偏好,有無旅遊偏好,有
1,生活,生活用品偏好,有無生活用品偏好,有
1,美容,美容偏好,有無美容偏好,有
1,美容,美容偏好,美妝保養類型偏好,護膚SPA
1,食品,食品偏好,有無食品偏好,有
1,食品,飲食習慣,是否曾買過素食,是
1,寵物,寵物偏好,有無養寵物,有
1,寵物,寵物偏好,寵物類型,狗
2,基本類別,基本類別,性別,女
2,基本類別,基本類別,年齡區間,80以上
2,基本類別,基本類別,星座,金牛座
2,基本類別,基本類別,居住縣市,台北市大安區
2,基本類別,基本類別,會員等級,A級會員
2,基本類別,基本類別,會員年資分組,10年以上-15年以下
2,基本類別,基本類別,職業,退休族
2,保健,保健功效,可推薦商品類別,加強心血管機能
2,保健,保健功效,可推薦商品類別,安神/幫助入睡
2,保健,保健功效,可推薦商品類別,美容養顏
2,保健,保健功效,可推薦商品類別,強化靈活關節
2,保健,保健功效,可推薦商品類別,眼睛保健
2,保健,保健功效,可推薦商品類別,提升記憶力
2,保健,保健功效,可推薦商品類別,提升調節免疫力
2,保健,保健功效,可推薦商品類別,腎臟保養
2,保健,保健功效,可推薦商品類別,腸胃保健
2,保健,保健功效,可推薦商品類別,護肝/抗疲勞
2,保健,保健功效,可推薦商品類別,體重管理
2,保健,高健康意識,是否有高健康意識,是
2,宗教商品,宗教風水偏好,有無宗教商品偏好,有
2,旅遊,旅遊偏好,旅遊國家偏好,大陸
2,旅遊,旅遊偏好,旅遊國家偏好,日韓
2,旅遊,旅遊偏好,旅遊國家偏好,台灣
2,旅遊,旅遊偏好,旅遊國家偏好,紐澳
2,旅遊,旅遊偏好,旅遊國家偏好,歐美
2,旅遊,旅遊偏好,有無旅遊偏好,有
2,生活,生活用品偏好,有無生活用品偏好,有
2,美容,美容偏好,有無美容偏好,有
2,美容,美容偏好,美妝保養類型偏好,護膚SPA
2,食品,食品偏好,有無食品偏好,有
2,食品,飲食習慣,是否曾買過素食,是
2,食品,飲食習慣,是否為素食者,是
2,寵物,寵物偏好,有無養寵物,無
3,基本類別,基本類別,性別,女
3,基本類別,基本類別,年齡區間,80以上
3,基本類別,基本類別,星座,天秤座
3,基本類別,基本類別,居住縣市,新北市板橋區
3,基本類別,基本類別,會員等級,A級會員
3,基本類別,基本類別,會員年資分組,20年以上-25年以下
3,保健,保健功效,可推薦商品類別,加強心血管機能
3,保健,保健功效,可推薦商品類別,男仕精壯
3,保健,保健功效,可推薦商品類別,美容養顏
3,保健,保健功效,可推薦商品類別,強化靈活關節
3,保健,保健功效,可推薦商品類別,眼睛保健
3,保健,保健功效,可推薦商品類別,提升調節免疫力
3,保健,保健功效,可推薦商品類別,腎臟保養
3,保健,保健功效,可推薦商品類別,護肝/抗疲勞
3,保健,保健功效,可推薦商品類別,體重管理
3,保健,高健康意識,是否有高健康意識,是
3,宗教商品,宗教風水偏好,有無宗教商品偏好,有
3,旅遊,旅遊偏好,旅遊國家偏好,日韓
3,旅遊,旅遊偏好,有無旅遊偏好,有
3,生活,生活用品偏好,有無生活用品偏好,有
3,美容,美容偏好,有無美容偏好,有
3,美容,美容偏好,美妝保養類型偏好,護膚SPA
3,食品,食品偏好,有無食品偏好,有
3,食品,飲食習慣,是否曾買過素食,是
3,寵物,寵物偏好,有無養寵物,有
3,寵物,寵物偏好,寵物類型,狗
4,基本類別,基本類別,性別,女
4,基本類別,基本類別,年齡區間,70-79
4,基本類別,基本類別,星座,雙子座
4,基本類別,基本類別,居住縣市,新北市板橋區
4,基本類別,基本類別,會員等級,A級會員
4,基本類別,基本類別,會員年資分組,10年以上-15年以下
4,保健,保健功效,可推薦商品類別,加強心血管機能
4,保健,保健功效,可推薦商品類別,美容養顏
4,保健,保健功效,可推薦商品類別,提升調節免疫力
4,保健,保健功效,可推薦商品類別,體重管理
4,保健,高健康意識,是否有高健康意識,是
4,宗教商品,宗教風水偏好,有無宗教商品偏好,有
4,生活,生活用品偏好,有無生活用品偏好,有
4,美容,美容偏好,有無美容偏好,有
4,食品,食品偏好,有無食品偏好,有
4,食品,飲食習慣,是否曾買過素食,是
4,食品,飲食習慣,是否為素食者,是
5,基本類別,基本類別,性別,女
5,基本類別,基本類別,年齡區間,60-69
5,基本類別,基本類別,星座,處女座
5,基本類別,基本類別,居住縣市,台北市文山區
5,基本類別,基本類別,會員等級,A級會員
5,基本類別,基本類別,會員年資分組,20年以上-25年以下
5,保健,保健功效,可推薦商品類別,加強心血管機能
5,保健,保健功效,可推薦商品類別,美容養顏
5,保健,保健功效,可推薦商品類別,提升調節免疫力
5,保健,保健功效,可推薦商品類別,腎臟保養
5,保健,保健功效,可推薦商品類別,護肝/抗疲勞
5,保健,保健功效,可推薦商品類別,體重管理
5,保健,高健康意識,是否有高健康意識,是
5,保健,網路瀏覽行為,保健瀏覽,體重管理
5,宗教商品,宗教風水偏好,有無宗教商品偏好,有
5,旅遊,旅遊偏好,旅遊國家偏好,大陸
5,旅遊,旅遊偏好,旅遊國家偏好,日韓
5,旅遊,旅遊偏好,有無旅遊偏好,有
5,生活,生活用品偏好,有無生活用品偏好,有
5,美容,美容偏好,有無美容偏好,有
5,美容,美容偏好,美妝保養類型偏好,護膚SPA
5,食品,食品偏好,有無食品偏好,有
5,寵物,寵物偏好,有無養寵物,無
6,基本類別,基本類別,性別,女
6,基本類別,基本類別,年齡區間,70-79
6,基本類別,基本類別,星座,白羊座
6,基本類別,基本類別,居住縣市,新北市板橋區
6,基本類別,基本類別,會員等級,A級會員
6,基本類別,基本類別,會員年資分組,20年以上-25年以下
6,基本類別,基本類別,職業,退休族
6,保健,保健功效,可推薦商品類別,美容養顏
6,保健,保健功效,可推薦商品類別,強化靈活關節
6,保健,保健功效,可推薦商品類別,體重管理
6,保健,高健康意識,是否有高健康意識,是
6,旅遊,旅遊偏好,旅遊國家偏好,大陸
6,旅遊,旅遊偏好,旅遊國家偏好,日韓
6,旅遊,旅遊偏好,旅遊國家偏好,台灣
6,旅遊,旅遊偏好,旅遊國家偏好,紐澳
6,旅遊,旅遊偏好,旅遊國家偏好,歐美
6,旅遊,旅遊偏好,有無旅遊偏好,有
6,生活,生活用品偏好,有無生活用品偏好,有
6,美容,美容偏好,有無美容偏好,有
6,美容,美容偏好,美妝保養類型偏好,護膚SPA
6,食品,食品偏好,有無食品偏好,有
6,食品,飲食習慣,是否曾買過素食,是
6,寵物,寵物偏好,有無養寵物,無
7,基本類別,基本類別,性別,女
7,基本類別,基本類別,年齡區間,70-79
7,基本類別,基本類別,星座,處女座
7,基本類別,基本類別,居住縣市,高雄市三民區
7,基本類別,基本類別,會員等級,A級會員
7,基本類別,基本類別,會員年資分組,10年以上-15年以下
7,保健,保健功效,可推薦商品類別,美容養顏
7,保健,保健功效,可推薦商品類別,強化靈活關節
7,保健,保健功效,可推薦商品類別,眼睛保健
7,保健,保健功效,可推薦商品類別,提升調節免疫力
7,保健,保健功效,可推薦商品類別,體重管理
7,保健,高健康意識,是否有高健康意識,是
7,旅遊,旅遊偏好,旅遊國家偏好,台灣
7,旅遊,旅遊偏好,有無旅遊偏好,有
7,美容,美容偏好,有無美容偏好,有
7,美容,美容偏好,美妝保養類型偏好,護膚SPA
7,食品,食品偏好,有無食品偏好,有
7,食品,飲食習慣,是否為素食者,是
7,寵物,寵物偏好,有無養寵物,無
8,基本類別,基本類別,性別,女
8,基本類別,基本類別,年齡區間,60-69
8,基本類別,基本類別,星座,水瓶座
8,基本類別,基本類別,居住縣市,台北市大同區
8,基本類別,基本類別,會員等級,A級會員
8,基本類別,基本類別,會員年資分組,10年以上-15年以下
8,保健,保健功效,可推薦商品類別,美容養顏
8,保健,保健功效,可推薦商品類別,強化靈活關節
8,保健,保健功效,可推薦商品類別,體重管理
8,保健,高健康意識,是否有高健康意識,是
8,生活,生活用品偏好,有無生活用品偏好,有
8,美容,美容偏好,有無美容偏好,有
8,美容,美容偏好,美妝保養類型偏好,護膚SPA
8,食品,食品偏好,有無食品偏好,有
8,食品,飲食習慣,是否為素食者,是
8,寵物,寵物偏好,有無養寵物,無
9,基本類別,基本類別,性別,女
9,基本類別,基本類別,年齡區間,60-69
9,基本類別,基本類別,星座,雙魚座
9,基本類別,基本類別,居住縣市,台北市文山區
9,基本類別,基本類別,會員等級,A級會員
9,基本類別,基本類別,會員年資分組,10年以上-15年以下
9,保健,保健功效,可推薦商品類別,加強心血管機能
9,保健,保健功效,可推薦商品類別,美容養顏
9,保健,保健功效,可推薦商品類別,強化靈活關節
9,保健,保健功效,可推薦商品類別,眼睛保健
9,保健,保健功效,可推薦商品類別,提升調節免疫力
9,保健,保健功效,可推薦商品類別,護肝/抗疲勞
9,保健,保健功效,可推薦商品類別,體重管理
9,保健,高健康意識,是否有高健康意識,是
9,宗教商品,宗教風水偏好,有無宗教商品偏好,有
9,旅遊,旅遊偏好,旅遊國家偏好,日韓
9,旅遊,旅遊偏好,有無旅遊偏好,有
9,生活,生活用品偏好,有無生活用品偏好,有
9,美容,美容偏好,有無美容偏好,有
9,食品,食品偏好,有無食品偏好,有
9,食品,飲食習慣,是否曾買過素食,是
9,寵物,寵物偏好,有無養寵物,有
9,寵物,寵物偏好,寵物類型,狗
10,基本類別,基本類別,性別,男
10,基本類別,基本類別,年齡區間,60-69
10,基本類別,基本類別,星座,雙魚座
10,基本類別,基本類別,居住縣市,台北市士林區
10,基本類別,基本類別,會員等級,A級會員
10,基本類別,基本類別,會員年資分組,20年以上-25年以下
10,基本類別,基本類別,職業,退休族
10,保健,保健功效,可推薦商品類別,美容養顏
10,保健,保健功效,可推薦商品類別,眼睛保健
10,保健,保健功效,可推薦商品類別,提升調節免疫力
10,保健,保健功效,可推薦商品類別,體重管理
10,保健,高健康意識,是否有高健康意識,是
10,保健,網路瀏覽行為,保健瀏覽,體重管理
10,宗教商品,宗教風水偏好,有無宗教商品偏好,有
10,旅遊,旅遊偏好,旅遊國家偏好,大陸
10,旅遊,旅遊偏好,旅遊國家偏好,日韓
10,旅遊,旅遊偏好,旅遊國家偏好,台灣
10,旅遊,旅遊偏好,有無旅遊偏好,有
10,生活,生活用品偏好,有無生活用品偏好,有
10,美容,美容偏好,有無美容偏好,有
10,食品,食品偏好,有無食品偏好,有
10,寵物,寵物偏好,有無養寵物,無
11,基本類別,基本類別,性別,女
11,基本類別,基本類別,年齡區間,70-79
11,基本類別,基本類別,星座,處女座
11,基本類別,基本類別,居住縣市,新北市新店區
11,基本類別,基本類別,會員等級,A級會員
11,基本類別,基本類別,會員年資分組,20年以上-25年以下
11,保健,保健功效,可推薦商品類別,加強心血管機能
11,保健,保健功效,可推薦商品類別,美容養顏
11,保健,保健功效,可推薦商品類別,眼睛保健
11,保健,保健功效,可推薦商品類別,提升調節免疫力
11,保健,保健功效,可推薦商品類別,護肝/抗疲勞
11,保健,保健功效,可推薦商品類別,體重管理
11,保健,高健康意識,是否有高健康意識,是
11,宗教商品,宗教風水偏好,有無宗教商品偏好,有
11,旅遊,旅遊偏好,旅遊國家偏好,日韓
11,旅遊,旅遊偏好,有無旅遊偏好,有
11,生活,生活用品偏好,有無生活用品偏好,有
11,美容,美容偏好,有無美容偏好,有
11,美容,美容偏好,美妝保養類型偏好,美甲
11,美容,美容偏好,美妝保養類型偏好,護膚SPA
11,食品,食品偏好,有無食品偏好,有
11,食品,飲食習慣,是否曾買過素食,是
11,食品,飲食習慣,是否為素食者,是
12,基本類別,基本類別,性別,女
12,基本類別,基本類別,年齡區間,60-69
12,基本類別,基本類別,星座,處女座
12,基本類別,基本類別,居住縣市,新北市板橋區
12,基本類別,基本類別,會員等級,A級會員
12,基本類別,基本類別,會員年資分組,20年以上-25年以下
12,保健,保健功效,可推薦商品類別,加強心血管機能
12,保健,保健功效,可推薦商品類別,美容養顏
12,保健,保健功效,可推薦商品類別,強化靈活關節
12,保健,保健功效,可推薦商品類別,眼睛保健
12,保健,保健功效,可推薦商品類別,提升調節免疫力
12,保健,保健功效,可推薦商品類別,體重管理
12,保健,高健康意識,是否有高健康意識,是
12,宗教商品,宗教風水偏好,有無宗教商品偏好,有
12,旅遊,旅遊偏好,旅遊國家偏好,日韓
12,旅遊,旅遊偏好,旅遊國家偏好,台灣
12,旅遊,旅遊偏好,有無旅遊偏好,有
12,生活,生活用品偏好,有無生活用品偏好,有
12,美容,美容偏好,有無美容偏好,有
12,美容,美容偏好,美妝保養類型偏好,護膚SPA
12,食品,食品偏好,有無食品偏好,有
12,寵物,寵物偏好,有無養寵物,無
13,基本類別,基本類別,性別,女
13,基本類別,基本類別,年齡區間,60-69
13,基本類別,基本類別,星座,白羊座
13,基本類別,基本類別,居住縣市,新北市三重區
13,基本類別,基本類別,會員等級,A級會員
13,基本類別,基本類別,會員年資分組,20年以上-25年以下
13,保健,保健功效,可推薦商品類別,加強心血管機能
13,保健,保健功效,可推薦商品類別,美容養顏
13,保健,保健功效,可推薦商品類別,強化靈活關節
13,保健,保健功效,可推薦商品類別,眼睛保健
13,保健,保健功效,可推薦商品類別,提升調節免疫力
13,保健,保健功效,可推薦商品類別,體重管理
13,保健,高健康意識,是否有高健康意識,是
13,宗教商品,宗教風水偏好,有無宗教商品偏好,有
13,旅遊,旅遊偏好,旅遊國家偏好,日韓
13,旅遊,旅遊偏好,旅遊國家偏好,台灣
13,旅遊,旅遊偏好,有無旅遊偏好,有
13,生活,生活用品偏好,有無生活用品偏好,有
13,美容,美容偏好,有無美容偏好,有
13,食品,食品偏好,有無食品偏好,有
13,食品,飲食習慣,是否為素食者,是
13,寵物,寵物偏好,有無養寵物,無
14,基本類別,基本類別,性別,女
14,基本類別,基本類別,年齡區間,80以上
14,基本類別,基本類別,星座,金牛座
14,基本類別,基本類別,居住縣市,新北市板橋區
14,基本類別,基本類別,會員等級,A級會員
14,基本類別,基本類別,會員年資分組,10年以上-15年以下
14,保健,保健功效,可推薦商品類別,女性保養
14,保健,保健功效,可推薦商品類別,加強心血管機能
14,保健,保健功效,可推薦商品類別,美容養顏
14,保健,保健功效,可推薦商品類別,強化靈活關節
14,保健,保健功效,可推薦商品類別,眼睛保健
14,保健,保健功效,可推薦商品類別,提升調節免疫力
14,保健,保健功效,可推薦商品類別,體重管理
14,保健,高健康意識,是否有高健康意識,是
14,旅遊,旅遊偏好,旅遊國家偏好,日韓
14,旅遊,旅遊偏好,有無旅遊偏好,有
14,生活,生活用品偏好,有無生活用品偏好,有
14,美容,美容偏好,有無美容偏好,有
14,美容,美容偏好,美妝保養類型偏好,護膚SPA
14,食品,食品偏好,有無食品偏好,有
15,基本類別,基本類別,性別,女
15,基本類別,基本類別,年齡區間,50-59
15,基本類別,基本類別,星座,射手座
15,基本類別,基本類別,居住縣市,台中市豐原區
15,基本類別,基本類別,會員等級,A級會員
15,基本類別,基本類別,會員年資分組,20年以上-25年以下
15,保健,保健功效,可推薦商品類別,加強心血管機能
15,保健,保健功效,可推薦商品類別,美容養顏
15,保健,保健功效,可推薦商品類別,強化靈活關節
15,保健,保健功效,可推薦商品類別,眼睛保健
15,保健,保健功效,可推薦商品類別,提升記憶力
15,保健,保健功效,可推薦商品類別,提升調節免疫力
15,保健,保健功效,可推薦商品類別,腎臟保養
15,保健,保健功效,可推薦商品類別,腸胃保健
15,保健,保健功效,可推薦商品類別,護肝/抗疲勞
15,保健,保健功效,可推薦商品類別,體重管理
15,保健,高健康意識,是否有高健康意識,是
15,宗教商品,宗教風水偏好,有無宗教商品偏好,有
15,生活,生活用品偏好,有無生活用品偏好,有
15,美容,美容偏好,有無美容偏好,有
15,食品,食品偏好,有無食品偏好,有
15,食品,飲食習慣,是否為素食者,是
15,寵物,寵物偏好,有無養寵物,有
15,寵物,寵物偏好,寵物類型,狗
16,基本類別,基本類別,性別,女
16,基本類別,基本類別,年齡區間,70-79
16,基本類別,基本類別,星座,摩羯座
16,基本類別,基本類別,居住縣市,新北市板橋區
16,基本類別,基本類別,會員等級,A級會員
16,基本類別,基本類別,會員年資分組,20年以上-25年以下
16,保健,保健功效,可推薦商品類別,加強心血管機能
16,保健,保健功效,可推薦商品類別,美容養顏
16,保健,保健功效,可推薦商品類別,強化靈活關節
16,保健,保健功效,可推薦商品類別,眼睛保健
16,保健,保健功效,可推薦商品類別,提升記憶力
16,保健,保健功效,可推薦商品類別,提升調節免疫力
16,保健,保健功效,可推薦商品類別,體重管理
16,保健,高健康意識,是否有高健康意識,是
16,宗教商品,宗教風水偏好,有無宗教商品偏好,有
16,旅遊,旅遊偏好,旅遊國家偏好,歐美
16,旅遊,旅遊偏好,有無旅遊偏好,有
16,生活,生活用品偏好,有無生活用品偏好,有
16,美容,美容偏好,有無美容偏好,有
16,美容,美容偏好,美妝保養類型偏好,護膚SPA
16,食品,食品偏好,有無食品偏好,有
16,寵物,寵物偏好,有無養寵物,無
17,基本類別,基本類別,性別,女
17,基本類別,基本類別,年齡區間,50-59
17,基本類別,基本類別,星座,雙魚座
17,基本類別,基本類別,居住縣市,台中市西屯區
17,基本類別,基本類別,會員等級,A級會員
17,基本類別,基本類別,會員年資分組,20年以上-25年以下
17,保健,保健功效,可推薦商品類別,美容養顏
17,保健,保健功效,可推薦商品類別,強化靈活關節
17,保健,保健功效,可推薦商品類別,眼睛保健
17,保健,保健功效,可推薦商品類別,提升調節免疫力
17,保健,保健功效,可推薦商品類別,體重管理
17,保健,高健康意識,是否有高健康意識,是
17,保健,網路瀏覽行為,保健瀏覽,體重管理
17,宗教商品,宗教風水偏好,有無宗教商品偏好,有
17,旅遊,旅遊偏好,旅遊國家偏好,日韓
17,旅遊,旅遊偏好,有無旅遊偏好,有
17,生活,生活用品偏好,有無生活用品偏好,有
17,美容,美容偏好,有無美容偏好,有
17,美容,美容偏好,美妝保養類型偏好,護膚SPA
17,食品,食品偏好,有無食品偏好,有
18,基本類別,基本類別,性別,女
18,基本類別,基本類別,年齡區間,60-69
18,基本類別,基本類別,星座,處女座
18,基本類別,基本類別,居住縣市,高雄市大寮區
18,基本類別,基本類別,會員等級,A級會員
18,基本類別,基本類別,會員年資分組,20年以上-25年以下
18,保健,保健功效,可推薦商品類別,美容養顏
18,保健,保健功效,可推薦商品類別,提升記憶力
18,保健,保健功效,可推薦商品類別,提升調節免疫力
18,保健,保健功效,可推薦商品類別,腎臟保養
18,保健,保健功效,可推薦商品類別,體重管理
18,保健,高健康意識,是否有高健康意識,是
18,宗教商品,宗教風水偏好,有無宗教商品偏好,有
18,旅遊,旅遊偏好,旅遊國家偏好,台灣
18,旅遊,旅遊偏好,有無旅遊偏好,有
18,生活,生活用品偏好,有無生活用品偏好,有
18,美容,美容偏好,有無美容偏好,有
18,美容,美容偏好,美妝保養類型偏好,護膚SPA
18,食品,食品偏好,有無食品偏好,有
18,食品,飲食習慣,是否為素食者,是
18,寵物,寵物偏好,有無養寵物,無
19,基本類別,基本類別,性別,女
19,基本類別,基本類別,年齡區間,60-69
19,基本類別,基本類別,星座,水瓶座
19,基本類別,基本類別,居住縣市,新北市板橋區
19,基本類別,基本類別,會員等級,A級會員
19,基本類別,基本類別,會員年資分組,20年以上-25年以下
19,保健,保健功效,可推薦商品類別,加強心血管機能
19,保健,保健功效,可推薦商品類別,血糖控制
19,保健,保健功效,可推薦商品類別,男仕精壯
19,保健,保健功效,可推薦商品類別,美容養顏
19,保健,保健功效,可推薦商品類別,強化靈活關節
19,保健,保健功效,可推薦商品類別,眼睛保健
19,保健,保健功效,可推薦商品類別,提升調節免疫力
19,保健,保健功效,可推薦商品類別,腎臟保養
19,保健,保健功效,可推薦商品類別,腸胃保健
19,保健,保健功效,可推薦商品類別,護肝/抗疲勞
19,保健,保健功效,可推薦商品類別,體重管理
19,保健,高健康意識,是否有高健康意識,是
19,宗教商品,宗教風水偏好,有無宗教商品偏好,有
19,旅遊,旅遊偏好,旅遊國家偏好,日韓
19,旅遊,旅遊偏好,旅遊國家偏好,紐澳
19,旅遊,旅遊偏好,有無旅遊偏好,有
19,生活,生活用品偏好,有無生活用品偏好,有
19,美容,美容偏好,有無美容偏好,有
19,美容,美容偏好,美妝保養類型偏好,護膚SPA
19,食品,食品偏好,有無食品偏好,有
20,基本類別,基本類別,性別,女
20,基本類別,基本類別,年齡區間,70-79
20,基本類別,基本類別,星座,雙子座
20,基本類別,基本類別,居住縣市,台南市永康區
20,基本類別,基本類別,會員等級,A級會員
20,基本類別,基本類別,會員年資分組,20年以上-25年以下
20,基本類別,基本類別,職業,退休族
20,保健,保健功效,可推薦商品類別,加強心血管機能
20,保健,保健功效,可推薦商品類別,美容養顏
20,保健,保健功效,可推薦商品類別,強化靈活關節
20,保健,保健功效,可推薦商品類別,眼睛保健
20,保健,保健功效,可推薦商品類別,提升調節免疫力
20,保健,保健功效,可推薦商品類別,腎臟保養
20,保健,保健功效,可推薦商品類別,腸胃保健
20,保健,保健功效,可推薦商品類別,護肝/抗疲勞
20,保健,保健功效,可推薦商品類別,體重管理
20,保健,高健康意識,是否有高健康意識,是
20,宗教商品,宗教風水偏好,有無宗教商品偏好,有
20,生活,生活用品偏好,有無生活用品偏好,有
20,美容,美容偏好,有無美容偏好,有
20,美容,美容偏好,美妝保養類型偏好,護膚SPA
20,食品,食品偏好,有無食品偏好,有
20,食品,飲食習慣,是否為素食者,是
21,基本類別,基本類別,性別,女
21,基本類別,基本類別,年齡區間,50-59
21,基本類別,基本類別,星座,金牛座
21,基本類別,基本類別,居住縣市,彰化縣溪湖鎮
21,基本類別,基本類別,會員等級,A級會員
21,基本類別,基本類別,會員年資分組,20年以上-25年以下
21,保健,保健功效,可推薦商品類別,女性保養
21,保健,保健功效,可推薦商品類別,加強心血管機能
21,保健,保健功效,可推薦商品類別,美容養顏
21,保健,保健功效,可推薦商品類別,眼睛保健
21,保健,保健功效,可推薦商品類別,提升調節免疫力
21,保健,保健功效,可推薦商品類別,體重管理
21,保健,高健康意識,是否有高健康意識,是
21,宗教商品,宗教風水偏好,有無宗教商品偏好,有
21,旅遊,旅遊偏好,旅遊國家偏好,日韓
21,旅遊,旅遊偏好,有無旅遊偏好,有
21,生活,生活用品偏好,有無生活用品偏好,有
21,美容,美容偏好,有無美容偏好,有
21,美容,美容偏好,美妝保養類型偏好,護膚SPA
21,食品,食品偏好,有無食品偏好,有
21,寵物,寵物偏好,有無養寵物,有
21,寵物,寵物偏好,寵物類型,貓
22,基本類別,基本類別,性別,女
22,基本類別,基本類別,年齡區間,60-69
22,基本類別,基本類別,星座,雙子座
22,基本類別,基本類別,居住縣市,新北市永和區
22,基本類別,基本類別,會員等級,A級會員
22,基本類別,基本類別,會員年資分組,20年以上-25年以下
22,保健,保健功效,可推薦商品類別,美容養顏
22,保健,保健功效,可推薦商品類別,強化靈活關節
22,保健,保健功效,可推薦商品類別,提升調節免疫力
22,保健,保健功效,可推薦商品類別,體重管理
22,保健,高健康意識,是否有高健康意識,是
22,保健,網路瀏覽行為,保健瀏覽,體重管理
22,生活,生活用品偏好,有無生活用品偏好,有
22,美容,美容偏好,有無美容偏好,有
22,美容,美容偏好,美妝保養類型偏好,護膚SPA
22,食品,食品偏好,有無食品偏好,有
22,寵物,寵物偏好,有無養寵物,無
23,基本類別,基本類別,性別,女
23,基本類別,基本類別,年齡區間,60-69
23,基本類別,基本類別,星座,射手座
23,基本類別,基本類別,居住縣市,台中市太平區
23,基本類別,基本類別,會員等級,A級會員
23,基本類別,基本類別,會員年資分組,20年以上-25年以下
23,基本類別,基本類別,職業,退休族
23,保健,保健功效,可推薦商品類別,美容養顏
23,保健,保健功效,可推薦商品類別,強化靈活關節
23,保健,保健功效,可推薦商品類別,提升調節免疫力
23,保健,保健功效,可推薦商品類別,體重管理
23,保健,高健康意識,是否有高健康意識,是
23,宗教商品,宗教風水偏好,有無宗教商品偏好,有
23,生活,生活用品偏好,有無生活用品偏好,有
23,美容,美容偏好,有無美容偏好,有
23,美容,美容偏好,美妝保養類型偏好,護膚SPA
23,食品,食品偏好,有無食品偏好,有
23,寵物,寵物偏好,有無養寵物,無
24,基本類別,基本類別,性別,女
24,基本類別,基本類別,年齡區間,70-79
24,基本類別,基本類別,星座,射手座
24,基本類別,基本類別,居住縣市,台北市中正區
24,基本類別,基本類別,會員等級,A級會員
24,基本類別,基本類別,會員年資分組,20年以上-25年以下
24,保健,保健功效,可推薦商品類別,加強心血管機能
24,保健,保健功效,可推薦商品類別,安神/幫助入睡
24,保健,保健功效,可推薦商品類別,美容養顏
24,保健,保健功效,可推薦商品類別,強化靈活關節
24,保健,保健功效,可推薦商品類別,眼睛保健
24,保健,保健功效,可推薦商品類別,提升調節免疫力
24,保健,保健功效,可推薦商品類別,腎臟保養
24,保健,保健功效,可推薦商品類別,護肝/抗疲勞
24,保健,保健功效,可推薦商品類別,體重管理
24,保健,高健康意識,是否有高健康意識,是
24,宗教商品,宗教風水偏好,有無宗教商品偏好,有
24,生活,生活用品偏好,有無生活用品偏好,有
24,美容,美容偏好,有無美容偏好,有
24,食品,食品偏好,有無食品偏好,有
24,食品,飲食習慣,是否為素食者,是
24,寵物,寵物偏好,有無養寵物,無
25,基本類別,基本類別,性別,女
25,基本類別,基本類別,年齡區間,80以上
25,基本類別,基本類別,星座,雙子座
25,基本類別,基本類別,居住縣市,台北市松山區
25,基本類別,基本類別,會員等級,A級會員
25,基本類別,基本類別,會員年資分組,20年以上-25年以下
25,保健,保健功效,可推薦商品類別,美容養顏
25,保健,保健功效,可推薦商品類別,眼睛保健
25,保健,保健功效,可推薦商品類別,提升調節免疫力
25,保健,保健功效,可推薦商品類別,腸胃保健
25,保健,保健功效,可推薦商品類別,體重管理
25,保健,高健康意識,是否有高健康意識,是
25,宗教商品,宗教風水偏好,有無宗教商品偏好,有
25,生活,生活用品偏好,有無生活用品偏好,有
25,美容,美容偏好,有無美容偏好,有
25,美容,美容偏好,美妝保養類型偏好,護膚SPA
25,食品,食品偏好,有無食品偏好,有
25,食品,飲食習慣,是否為素食者,是
25,寵物,寵物偏好,有無養寵物,無
26,基本類別,基本類別,性別,女
26,基本類別,基本類別,年齡區間,50-59
26,基本類別,基本類別,星座,雙魚座
26,基本類別,基本類別,居住縣市,台北市中山區
26,基本類別,基本類別,會員等級,A級會員
26,基本類別,基本類別,會員年資分組,20年以上-25年以下
26,保健,保健功效,可推薦商品類別,強化靈活關節
26,保健,保健功效,可推薦商品類別,眼睛保健
26,保健,保健功效,可推薦商品類別,提升調節免疫力
26,保健,保健功效,可推薦商品類別,體重管理
26,保健,高健康意識,是否有高健康意識,是
26,宗教商品,宗教風水偏好,有無宗教商品偏好,有
26,旅遊,旅遊偏好,旅遊國家偏好,日韓
26,旅遊,旅遊偏好,旅遊國家偏好,台灣
26,旅遊,旅遊偏好,有無旅遊偏好,有
26,生活,生活用品偏好,有無生活用品偏好,有
26,美容,美容偏好,有無美容偏好,有
26,美容,美容偏好,美妝保養類型偏好,彩妝
26,美容,美容偏好,美妝保養類型偏好,醫美
26,美容,美容偏好,美妝保養類型偏好,護膚SPA
26,食品,食品偏好,有無食品偏好,有
27,基本類別,基本類別,性別,女
27,基本類別,基本類別,年齡區間,70-79
27,基本類別,基本類別,星座,天秤座
27,基本類別,基本類別,居住縣市,新北市板橋區
27,基本類別,基本類別,會員等級,C級會員
27,基本類別,基本類別,會員年資分組,20年以上-25年以下
27,基本類別,基本類別,職業,退休族
27,保健,保健功效,可推薦商品類別,加強心血管機能
27,保健,保健功效,可推薦商品類別,強化靈活關節
27,保健,保健功效,可推薦商品類別,眼睛保健
27,保健,保健功效,可推薦商品類別,提升調節免疫力
27,保健,保健功效,可推薦商品類別,體重管理
27,保健,高健康意識,是否有高健康意識,是
27,生活,生活用品偏好,有無生活用品偏好,有
27,美容,美容偏好,有無美容偏好,有
27,食品,食品偏好,有無食品偏好,有
27,食品,飲食習慣,是否為素食者,是
27,寵物,寵物偏好,有無養寵物,無
28,基本類別,基本類別,性別,女
28,基本類別,基本類別,年齡區間,50-59
28,基本類別,基本類別,星座,天蠍座
28,基本類別,基本類別,居住縣市,高雄市三民區
28,基本類別,基本類別,會員等級,A級會員
28,基本類別,基本類別,會員年資分組,5年以上-10年以下
28,保健,保健功效,可推薦商品類別,女性保養
28,保健,保健功效,可推薦商品類別,加強心血管機能
28,保健,保健功效,可推薦商品類別,安神/幫助入睡
28,保健,保健功效,可推薦商品類別,美容養顏
28,保健,保健功效,可推薦商品類別,強化靈活關節
28,保健,保健功效,可推薦商品類別,眼睛保健
28,保健,保健功效,可推薦商品類別,提升調節免疫力
28,保健,保健功效,可推薦商品類別,腸胃保健
28,保健,保健功效,可推薦商品類別,護肝/抗疲勞
28,保健,保健功效,可推薦商品類別,體重管理
28,保健,高健康意識,是否有高健康意識,是
28,保健,網路瀏覽行為,保健瀏覽,提升免疫
28,保健,網路瀏覽行為,保健瀏覽,腎臟保養
28,保健,網路瀏覽行為,保健瀏覽,關節保養
28,保健,網路瀏覽行為,保健瀏覽,體重管理
28,生活,生活用品偏好,有無生活用品偏好,有
28,美容,美容偏好,有無美容偏好,有
28,美容,美容偏好,美妝保養類型偏好,護膚SPA
28,食品,食品偏好,有無食品偏好,有
28,寵物,寵物偏好,有無養寵物,無
29,基本類別,基本類別,性別,女
29,基本類別,基本類別,年齡區間,70-79
29,基本類別,基本類別,星座,處女座
29,基本類別,基本類別,居住縣市,台北市大安區
29,基本類別,基本類別,會員等級,A級會員
29,基本類別,基本類別,會員年資分組,20年以上-25年以下
29,保健,保健功效,可推薦商品類別,加強心血管機能
29,保健,保健功效,可推薦商品類別,美容養顏
29,保健,保健功效,可推薦商品類別,強化靈活關節
29,保健,保健功效,可推薦商品類別,眼睛保健
29,保健,保健功效,可推薦商品類別,提升調節免疫力
29,保健,保健功效,可推薦商品類別,腸胃保健
29,保健,保健功效,可推薦商品類別,體重管理
29,保健,高健康意識,是否有高健康意識,是
29,宗教商品,宗教風水偏好,有無宗教商品偏好,有
29,旅遊,旅遊偏好,旅遊國家偏好,日韓
29,旅遊,旅遊偏好,有無旅遊偏好,有
29,生活,生活用品偏好,有無生活用品偏好,有
29,美容,美容偏好,有無美容偏好,有
29,美容,美容偏好,美妝保養類型偏好,護膚SPA
29,食品,食品偏好,有無食品偏好,有
29,食品,飲食習慣,是否曾買過素食,是
29,寵物,寵物偏好,有無養寵物,有
29,寵物,寵物偏好,寵物類型,狗
29,寵物,寵物偏好,寵物類型,貓
30,基本類別,基本類別,性別,女
30,基本類別,基本類別,年齡區間,70-79
30,基本類別,基本類別,星座,天秤座
30,基本類別,基本類別,居住縣市,新北市三重區
30,基本類別,基本類別,會員等級,A級會員
30,基本類別,基本類別,會員年資分組,20年以上-25年以下
30,保健,保健功效,可推薦商品類別,加強心血管機能
30,保健,保健功效,可推薦商品類別,美容養顏
30,保健,保健功效,可推薦商品類別,眼睛保健
30,保健,保健功效,可推薦商品類別,提升調節免疫力
30,保健,保健功效,可推薦商品類別,腎臟保養
30,保健,保健功效,可推薦商品類別,腸胃保健
30,保健,保健功效,可推薦商品類別,體重管理
30,保健,高健康意識,是否有高健康意識,是
30,宗教商品,宗教風水偏好,有無宗教商品偏好,有
30,旅遊,旅遊偏好,旅遊國家偏好,日韓
30,旅遊,旅遊偏好,有無旅遊偏好,有
30,生活,生活用品偏好,有無生活用品偏好,有
30,美容,美容偏好,有無美容偏好,有
30,美容,美容偏好,美妝保養類型偏好,護膚SPA
30,食品,食品偏好,有無食品偏好,有
31,基本類別,基本類別,性別,女
31,基本類別,基本類別,年齡區間,60-69
31,基本類別,基本類別,星座,金牛座
31,基本類別,基本類別,居住縣市,新北市淡水區
31,基本類別,基本類別,會員等級,A級會員
31,基本類別,基本類別,會員年資分組,20年以上-25年以下
31,基本類別,基本類別,職業,退休族
31,保健,保健功效,可推薦商品類別,女性保養
31,保健,保健功效,可推薦商品類別,美容養顏
31,保健,保健功效,可推薦商品類別,提升調節免疫力
31,保健,保健功效,可推薦商品類別,體重管理
31,保健,高健康意識,是否有高健康意識,是
31,宗教商品,宗教風水偏好,有無宗教商品偏好,有
31,旅遊,旅遊偏好,旅遊國家偏好,日韓
31,旅遊,旅遊偏好,有無旅遊偏好,有
31,生活,生活用品偏好,有無生活用品偏好,有
31,美容,美容偏好,有無美容偏好,有
31,寵物,寵物偏好,有無養寵物,無
32,基本類別,基本類別,性別,女
32,基本類別,基本類別,年齡區間,60-69
32,基本類別,基本類別,星座,金牛座
32,基本類別,基本類別,居住縣市,新北市新店區
32,基本類別,基本類別,會員等級,A級會員
32,基本類別,基本類別,會員年資分組,20年以上-25年以下
32,基本類別,基本類別,職業,退休族
32,保健,保健功效,可推薦商品類別,加強心血管機能
32,保健,保健功效,可推薦商品類別,男仕精壯
32,保健,保健功效,可推薦商品類別,美容養顏
32,保健,保健功效,可推薦商品類別,強化靈活關節
32,保健,保健功效,可推薦商品類別,眼睛保健
32,保健,保健功效,可推薦商品類別,提升調節免疫力
32,保健,保健功效,可推薦商品類別,腎臟保養
32,保健,保健功效,可推薦商品類別,護肝/抗疲勞
32,保健,保健功效,可推薦商品類別,體重管理
32,保健,網路瀏覽行為,保健瀏覽,關節保養
32,保健,網路瀏覽行為,保健瀏覽,體重管理
32,旅遊,旅遊偏好,旅遊國家偏好,台灣
32,旅遊,旅遊偏好,有無旅遊偏好,有
32,生活,生活用品偏好,有無生活用品偏好,有
32,美容,美容偏好,有無美容偏好,有
32,食品,食品偏好,有無食品偏好,有
33,基本類別,基本類別,性別,女
33,基本類別,基本類別,年齡區間,50-59
33,基本類別,基本類別,星座,天秤座
33,基本類別,基本類別,居住縣市,台北市內湖區
33,基本類別,基本類別,會員等級,A級會員
33,基本類別,基本類別,會員年資分組,20年以上-25年以下
33,保健,保健功效,可推薦商品類別,加強心血管機能
33,保健,保健功效,可推薦商品類別,美容養顏
33,保健,保健功效,可推薦商品類別,強化靈活關節
33,保健,保健功效,可推薦商品類別,眼睛保健
33,保健,保健功效,可推薦商品類別,提升調節免疫力
33,保健,保健功效,可推薦商品類別,腎臟保養
33,保健,保健功效,可推薦商品類別,體重管理
33,保健,高健康意識,是否有高健康意識,是
33,旅遊,旅遊偏好,旅遊國家偏好,大陸
33,旅遊,旅遊偏好,旅遊國家偏好,日韓
33,旅遊,旅遊偏好,旅遊國家偏好,歐美
33,旅遊,旅遊偏好,有無旅遊偏好,有
33,生活,生活用品偏好,有無生活用品偏好,有
33,美容,美容偏好,有無美容偏好,有
33,美容,美容偏好,美妝保養類型偏好,美甲
33,美容,美容偏好,美妝保養類型偏好,醫美
33,美容,美容偏好,美妝保養類型偏好,護膚SPA
33,食品,飲食習慣,是否為素食者,是
33,寵物,寵物偏好,有無養寵物,有
33,寵物,寵物偏好,寵物類型,狗
34,基本類別,基本類別,性別,女
34,基本類別,基本類別,年齡區間,60-69
34,基本類別,基本類別,星座,處女座
34,基本類別,基本類別,居住縣市,台北市信義區
34,基本類別,基本類別,會員等級,A級會員
34,基本類別,基本類別,會員年資分組,20年以上-25年以下
34,保健,保健功效,可推薦商品類別,女性保養
34,保健,保健功效,可推薦商品類別,加強心血管機能
34,保健,保健功效,可推薦商品類別,美容養顏
34,保健,保健功效,可推薦商品類別,強化靈活關節
34,保健,保健功效,可推薦商品類別,眼睛保健
34,保健,保健功效,可推薦商品類別,提升調節免疫力
34,保健,保健功效,可推薦商品類別,護肝/抗疲勞
34,保健,保健功效,可推薦商品類別,體重管理
34,保健,高健康意識,是否有高健康意識,是
34,保健,網路瀏覽行為,保健瀏覽,關節保養
34,保健,網路瀏覽行為,保健瀏覽,體重管理
34,宗教商品,宗教風水偏好,有無宗教商品偏好,有
34,生活,生活用品偏好,有無生活用品偏好,有
34,美容,美容偏好,有無美容偏好,有
34,食品,食品偏好,有無食品偏好,有
35,基本類別,基本類別,性別,女
35,基本類別,基本類別,年齡區間,70-79
35,基本類別,基本類別,星座,金牛座
35,基本類別,基本類別,居住縣市,新北市蘆洲區
35,基本類別,基本類別,會員等級,A級會員
35,基本類別,基本類別,會員年資分組,20年以上-25年以下
35,保健,保健功效,可推薦商品類別,美容養顏
35,保健,保健功效,可推薦商品類別,強化靈活關節
35,保健,保健功效,可推薦商品類別,眼睛保健
35,保健,保健功效,可推薦商品類別,提升調節免疫力
35,保健,高健康意識,是否有高健康意識,是
35,宗教商品,宗教風水偏好,有無宗教商品偏好,有
35,旅遊,旅遊偏好,旅遊國家偏好,日韓
35,旅遊,旅遊偏好,有無旅遊偏好,有
35,生活,生活用品偏好,有無生活用品偏好,有
35,美容,美容偏好,有無美容偏好,有
35,美容,美容偏好,美妝保養類型偏好,護膚SPA
35,食品,食品偏好,有無食品偏好,有
35,食品,飲食習慣,是否為素食者,是
35,寵物,寵物偏好,有無養寵物,有
35,寵物,寵物偏好,寵物類型,貓
36,基本類別,基本類別,性別,女
36,基本類別,基本類別,年齡區間,60-69
36,基本類別,基本類別,星座,水瓶座
36,基本類別,基本類別,居住縣市,高雄市路竹區
36,基本類別,基本類別,會員等級,B級會員
36,基本類別,基本類別,會員年資分組,20年以上-25年以下
36,保健,保健功效,可推薦商品類別,加強心血管機能
36,保健,保健功效,可推薦商品類別,美容養顏
36,保健,保健功效,可推薦商品類別,眼睛保健
36,保健,保健功效,可推薦商品類別,提升調節免疫力
36,保健,保健功效,可推薦商品類別,腸胃保健
36,保健,高健康意識,是否有高健康意識,是
36,宗教商品,宗教風水偏好,有無宗教商品偏好,有
36,旅遊,旅遊偏好,旅遊國家偏好,大陸
36,旅遊,旅遊偏好,旅遊國家偏好,日韓
36,旅遊,旅遊偏好,旅遊國家偏好,台灣
36,旅遊,旅遊偏好,有無旅遊偏好,有
36,生活,生活用品偏好,有無生活用品偏好,有
36,美容,美容偏好,有無美容偏好,有
36,美容,美容偏好,美妝保養類型偏好,護膚SPA
36,食品,食品偏好,有無食品偏好,有
36,寵物,寵物偏好,有無養寵物,無
37,基本類別,基本類別,性別,女
37,基本類別,基本類別,年齡區間,70-79
37,基本類別,基本類別,星座,獅子座
37,基本類別,基本類別,居住縣市,新北市土城區
37,基本類別,基本類別,會員等級,A級會員
37,基本類別,基本類別,會員年資分組,20年以上-25年以下
37,基本類別,基本類別,職業,退休族
37,保健,保健功效,可推薦商品類別,美容養顏
37,保健,保健功效,可推薦商品類別,眼睛保健
37,保健,保健功效,可推薦商品類別,提升調節免疫力
37,保健,保健功效,可推薦商品類別,腸胃保健
37,保健,高健康意識,是否有高健康意識,是
37,宗教商品,宗教風水偏好,有無宗教商品偏好,有
37,旅遊,旅遊偏好,旅遊國家偏好,大陸
37,旅遊,旅遊偏好,旅遊國家偏好,日韓
37,旅遊,旅遊偏好,旅遊國家偏好,歐美
37,旅遊,旅遊偏好,有無旅遊偏好,有
37,美容,美容偏好,有無美容偏好,有
37,美容,美容偏好,美妝保養類型偏好,護膚SPA
37,食品,食品偏好,有無食品偏好,有
37,寵物,寵物偏好,有無養寵物,有
37,寵物,寵物偏好,寵物類型,貓
38,基本類別,基本類別,性別,女
38,基本類別,基本類別,年齡區間,60-69
38,基本類別,基本類別,星座,摩羯座
38,基本類別,基本類別,居住縣市,桃園市楊梅區
38,基本類別,基本類別,會員等級,B級會員
38,基本類別,基本類別,會員年資分組,20年以上-25年以下
38,保健,保健功效,可推薦商品類別,美容養顏
38,保健,保健功效,可推薦商品類別,強化靈活關節
38,保健,保健功效,可推薦商品類別,眼睛保健
38,保健,保健功效,可推薦商品類別,提升調節免疫力
38,保健,高健康意識,是否有高健康意識,是
38,宗教商品,宗教風水偏好,有無宗教商品偏好,有
38,旅遊,旅遊偏好,旅遊國家偏好,大陸
38,旅遊,旅遊偏好,有無旅遊偏好,有
38,生活,生活用品偏好,有無生活用品偏好,有
38,美容,美容偏好,有無美容偏好,有
38,食品,食品偏好,有無食品偏好,有
39,基本類別,基本類別,性別,女
39,基本類別,基本類別,年齡區間,70-79
39,基本類別,基本類別,星座,摩羯座
39,基本類別,基本類別,居住縣市,高雄市前鎮區
39,基本類別,基本類別,會員等級,A級會員
39,基本類別,基本類別,會員年資分組,20年以上-25年以下
39,基本類別,基本類別,職業,退休族
39,保健,保健功效,可推薦商品類別,美容養顏
39,保健,保健功效,可推薦商品類別,提升調節免疫力
39,保健,保健功效,可推薦商品類別,體重管理
39,保健,高健康意識,是否有高健康意識,是
39,旅遊,旅遊偏好,旅遊國家偏好,大陸
39,旅遊,旅遊偏好,有無旅遊偏好,有
39,生活,生活用品偏好,有無生活用品偏好,有
39,美容,美容偏好,有無美容偏好,有
39,美容,美容偏好,美妝保養類型偏好,護膚SPA
39,食品,食品偏好,有無食品偏好,有
39,食品,飲食習慣,是否曾買過素食,是
39,食品,飲食習慣,是否為素食者,是
39,寵物,寵物偏好,有無養寵物,有
39,寵物,寵物偏好,寵物類型,狗
39,寵物,寵物偏好,寵物類型,貓
40,基本類別,基本類別,性別,女
40,基本類別,基本類別,年齡區間,60-69
40,基本類別,基本類別,星座,水瓶座
40,基本類別,基本類別,居住縣市,新北市三重區
40,基本類別,基本類別,會員等級,A級會員
40,基本類別,基本類別,會員年資分組,20年以上-25年以下
40,基本類別,基本類別,職業,退休族
40,保健,保健功效,可推薦商品類別,加強心血管機能
40,保健,保健功效,可推薦商品類別,美容養顏
40,保健,保健功效,可推薦商品類別,強化靈活關節
40,保健,保健功效,可推薦商品類別,眼睛保健
40,保健,保健功效,可推薦商品類別,提升調節免疫力
40,保健,保健功效,可推薦商品類別,護肝/抗疲勞
40,保健,保健功效,可推薦商品類別,體重管理
40,保健,高健康意識,是否有高健康意識,是
40,宗教商品,宗教風水偏好,有無宗教商品偏好,有
40,旅遊,旅遊偏好,旅遊國家偏好,港澳
40,旅遊,旅遊偏好,有無旅遊偏好,有
40,生活,生活用品偏好,有無生活用品偏好,有
40,美容,美容偏好,有無美容偏好,有
40,食品,食品偏好,有無食品偏好,有
40,寵物,寵物偏好,有無養寵物,有
40,寵物,寵物偏好,寵物類型,貓
41,基本類別,基本類別,性別,男
41,基本類別,基本類別,年齡區間,60-69
41,基本類別,基本類別,星座,水瓶座
41,基本類別,基本類別,居住縣市,新北市板橋區
41,基本類別,基本類別,會員等級,A級會員
41,基本類別,基本類別,會員年資分組,20年以上-25年以下
41,保健,保健功效,可推薦商品類別,加強心血管機能
41,保健,保健功效,可推薦商品類別,男仕精壯
41,保健,保健功效,可推薦商品類別,強化靈活關節
41,保健,保健功效,可推薦商品類別,眼睛保健
41,保健,保健功效,可推薦商品類別,提升調節免疫力
41,保健,保健功效,可推薦商品類別,腎臟保養
41,保健,保健功效,可推薦商品類別,腸胃保健
41,保健,保健功效,可推薦商品類別,護肝/抗疲勞
41,保健,保健功效,可推薦商品類別,體重管理
41,保健,高健康意識,是否有高健康意識,是
41,宗教商品,宗教風水偏好,有無宗教商品偏好,有
41,旅遊,旅遊偏好,旅遊國家偏好,日韓
41,旅遊,旅遊偏好,有無旅遊偏好,有
41,生活,生活用品偏好,有無生活用品偏好,有
41,美容,美容偏好,有無美容偏好,有
41,食品,食品偏好,有無食品偏好,有
42,基本類別,基本類別,性別,女
42,基本類別,基本類別,年齡區間,60-69
42,基本類別,基本類別,星座,巨蟹座
42,基本類別,基本類別,居住縣市,台中市太平區
42,基本類別,基本類別,會員等級,A級會員
42,基本類別,基本類別,會員年資分組,20年以上-25年以下
42,保健,保健功效,可推薦商品類別,加強心血管機能
42,保健,保健功效,可推薦商品類別,美容養顏
42,保健,保健功效,可推薦商品類別,提升調節免疫力
42,保健,保健功效,可推薦商品類別,體重管理
42,保健,高健康意識,是否有高健康意識,是
42,宗教商品,宗教風水偏好,有無宗教商品偏好,有
42,旅遊,旅遊偏好,旅遊國家偏好,大陸
42,旅遊,旅遊偏好,旅遊國家偏好,歐美
42,旅遊,旅遊偏好,有無旅遊偏好,有
42,生活,生活用品偏好,有無生活用品偏好,有
42,美容,美容偏好,有無美容偏好,有
42,美容,美容偏好,美妝保養類型偏好,護膚SPA
42,食品,食品偏好,有無食品偏好,有
42,寵物,寵物偏好,有無養寵物,無
43,基本類別,基本類別,性別,女
43,基本類別,基本類別,年齡區間,60-69
43,基本類別,基本類別,星座,雙子座
43,基本類別,基本類別,居住縣市,高雄市燕巢區
43,基本類別,基本類別,會員等級,A級會員
43,基本類別,基本類別,會員年資分組,20年以上-25年以下
43,基本類別,基本類別,職業,退休族
43,保健,保健功效,可推薦商品類別,美容養顏
43,保健,保健功效,可推薦商品類別,強化靈活關節
43,保健,保健功效,可推薦商品類別,眼睛保健
43,保健,保健功效,可推薦商品類別,提升調節免疫力
43,保健,保健功效,可推薦商品類別,體重管理
43,保健,高健康意識,是否有高健康意識,是
43,生活,生活用品偏好,有無生活用品偏好,有
43,美容,美容偏好,有無美容偏好,有
43,美容,美容偏好,美妝保養類型偏好,護膚SPA
43,食品,食品偏好,有無食品偏好,有
43,食品,飲食習慣,是否為素食者,是
44,基本類別,基本類別,性別,女
44,基本類別,基本類別,年齡區間,50-59
44,基本類別,基本類別,星座,水瓶座
44,基本類別,基本類別,居住縣市,高雄市鳳山區
44,基本類別,基本類別,會員等級,B級會員
44,基本類別,基本類別,會員年資分組,20年以上-25年以下
44,基本類別,基本類別,職業,家庭主婦
44,保健,保健功效,可推薦商品類別,美容養顏
44,保健,保健功效,可推薦商品類別,強化靈活關節
44,保健,保健功效,可推薦商品類別,眼睛保健
44,保健,保健功效,可推薦商品類別,體重管理
44,保健,高健康意識,是否有高健康意識,是
44,旅遊,旅遊偏好,旅遊國家偏好,日韓
44,旅遊,旅遊偏好,有無旅遊偏好,有
44,生活,生活用品偏好,有無生活用品偏好,有
44,美容,美容偏好,有無美容偏好,有
44,美容,美容偏好,美妝保養類型偏好,護膚SPA
44,食品,食品偏好,有無食品偏好,有
45,基本類別,基本類別,性別,女
45,基本類別,基本類別,年齡區間,60-69
45,基本類別,基本類別,星座,天蠍座
45,基本類別,基本類別,居住縣市,基隆市中山區
45,基本類別,基本類別,會員等級,A級會員
45,基本類別,基本類別,會員年資分組,20年以上-25年以下
45,保健,保健功效,可推薦商品類別,加強心血管機能
45,保健,保健功效,可推薦商品類別,美容養顏
45,保健,保健功效,可推薦商品類別,眼睛保健
45,保健,保健功效,可推薦商品類別,提升記憶力
45,保健,保健功效,可推薦商品類別,提升調節免疫力
45,保健,保健功效,可推薦商品類別,體重管理
45,宗教商品,宗教風水偏好,有無宗教商品偏好,有
45,旅遊,旅遊偏好,旅遊國家偏好,港澳
45,旅遊,旅遊偏好,有無旅遊偏好,有
45,生活,生活用品偏好,有無生活用品偏好,有
45,美容,美容偏好,有無美容偏好,有
45,美容,美容偏好,美妝保養類型偏好,護膚SPA
45,食品,食品偏好,有無食品偏好,有
45,寵物,寵物偏好,有無養寵物,有
45,寵物,寵物偏好,寵物類型,狗
46,基本類別,基本類別,性別,女
46,基本類別,基本類別,年齡區間,60-69
46,基本類別,基本類別,星座,處女座
46,基本類別,基本類別,居住縣市,台北市北投區
46,基本類別,基本類別,會員等級,A級會員
46,基本類別,基本類別,會員年資分組,20年以上-25年以下
46,基本類別,基本類別,職業,上班族
46,保健,保健功效,可推薦商品類別,強化靈活關節
46,保健,保健功效,可推薦商品類別,提升調節免疫力
46,保健,保健功效,可推薦商品類別,護肝/抗疲勞
46,保健,高健康意識,是否有高健康意識,是
46,宗教商品,宗教風水偏好,有無宗教商品偏好,有
46,生活,生活用品偏好,有無生活用品偏好,有
46,美容,美容偏好,有無美容偏好,有
46,食品,食品偏好,有無食品偏好,有
46,寵物,寵物偏好,有無養寵物,無
47,基本類別,基本類別,性別,女
47,基本類別,基本類別,年齡區間,60-69
47,基本類別,基本類別,星座,水瓶座
47,基本類別,基本類別,居住縣市,台北市大同區
47,基本類別,基本類別,會員等級,A級會員
47,基本類別,基本類別,會員年資分組,20年以上-25年以下
47,保健,保健功效,可推薦商品類別,加強心血管機能
47,保健,保健功效,可推薦商品類別,美容養顏
47,保健,保健功效,可推薦商品類別,強化靈活關節
47,保健,保健功效,可推薦商品類別,眼睛保健
47,保健,保健功效,可推薦商品類別,提升調節免疫力
47,保健,保健功效,可推薦商品類別,護肝/抗疲勞
47,保健,保健功效,可推薦商品類別,體重管理
47,保健,高健康意識,是否有高健康意識,是
47,旅遊,旅遊偏好,旅遊國家偏好,大陸
47,旅遊,旅遊偏好,有無旅遊偏好,有
47,生活,生活用品偏好,有無生活用品偏好,有
47,美容,美容偏好,有無美容偏好,有
47,美容,美容偏好,美妝保養類型偏好,護膚SPA
47,食品,食品偏好,有無食品偏好,有
48,基本類別,基本類別,性別,女
48,基本類別,基本類別,年齡區間,60-69
48,基本類別,基本類別,星座,白羊座
48,基本類別,基本類別,居住縣市,台中市豐原區
48,基本類別,基本類別,會員等級,A級會員
48,基本類別,基本類別,會員年資分組,20年以上-25年以下
48,基本類別,基本類別,職業,退休族
48,保健,保健功效,可推薦商品類別,加強心血管機能
48,保健,保健功效,可推薦商品類別,美容養顏
48,保健,保健功效,可推薦商品類別,強化靈活關節
48,保健,保健功效,可推薦商品類別,眼睛保健
48,保健,保健功效,可推薦商品類別,提升調節免疫力
48,保健,保健功效,可推薦商品類別,護肝/抗疲勞
48,保健,保健功效,可推薦商品類別,體重管理
48,保健,高健康意識,是否有高健康意識,是
48,宗教商品,宗教風水偏好,有無宗教商品偏好,有
48,旅遊,旅遊偏好,旅遊國家偏好,日韓
48,旅遊,旅遊偏好,有無旅遊偏好,有
48,生活,生活用品偏好,有無生活用品偏好,有
48,美容,美容偏好,有無美容偏好,有
48,美容,美容偏好,美妝保養類型偏好,護膚SPA
48,食品,食品偏好,有無食品偏好,有
48,寵物,寵物偏好,有無養寵物,無
49,基本類別,基本類別,性別,女
49,基本類別,基本類別,年齡區間,50-59
49,基本類別,基本類別,星座,雙子座
49,基本類別,基本類別,居住縣市,新北市三重區
49,基本類別,基本類別,會員等級,A級會員
49,基本類別,基本類別,會員年資分組,20年以上-25年以下
49,保健,保健功效,可推薦商品類別,美容養顏
49,保健,保健功效,可推薦商品類別,眼睛保健
49,保健,保健功效,可推薦商品類別,提升調節免疫力
49,保健,保健功效,可推薦商品類別,體重管理
49,保健,高健康意識,是否有高健康意識,是
49,宗教商品,宗教風水偏好,有無宗教商品偏好,有
49,生活,生活用品偏好,有無生活用品偏好,有
49,美容,美容偏好,有無美容偏好,有
49,美容,美容偏好,美妝保養類型偏好,護膚SPA
49,食品,食品偏好,有無食品偏好,有
49,食品,飲食習慣,是否曾買過素食,是
49,食品,飲食習慣,是否為素食者,是
49,寵物,寵物偏好,有無養寵物,無
50,基本類別,基本類別,性別,女
50,基本類別,基本類別,年齡區間,40-49
50,基本類別,基本類別,星座,摩羯座
50,基本類別,基本類別,居住縣市,台北市萬華區
50,基本類別,基本類別,會員等級,A級會員
50,基本類別,基本類別,會員年資分組,20年以上-25年以下
50,保健,保健功效,可推薦商品類別,加強心血管機能
50,保健,保健功效,可推薦商品類別,男仕精壯
50,保健,保健功效,可推薦商品類別,美容養顏
50,保健,保健功效,可推薦商品類別,強化靈活關節
50,保健,保健功效,可推薦商品類別,眼睛保健
50,保健,保健功效,可推薦商品類別,提升調節免疫力
50,保健,保健功效,可推薦商品類別,腸胃保健
50,保健,保健功效,可推薦商品類別,護肝/抗疲勞
50,保健,保健功效,可推薦商品類別,體重管理
50,保健,網路瀏覽行為,保健瀏覽,體重管理
50,旅遊,旅遊偏好,旅遊國家偏好,日韓
50,旅遊,旅遊偏好,有無旅遊偏好,有
50,生活,生活用品偏好,有無生活用品偏好,有
50,美容,美容偏好,有無美容偏好,有
50,美容,美容偏好,美妝保養類型偏好,護膚SPA
50,食品,食品偏好,有無食品偏好,有
50,食品,飲食習慣,是否為素食者,是
51,基本類別,基本類別,性別,女
51,基本類別,基本類別,年齡區間,50-59
51,基本類別,基本類別,星座,白羊座
51,基本類別,基本類別,居住縣市,新北市蘆洲區
51,基本類別,基本類別,會員等級,A級會員
51,基本類別,基本類別,會員年資分組,20年以上-25年以下
51,保健,保健功效,可推薦商品類別,美容養顏
51,保健,保健功效,可推薦商品類別,強化靈活關節
51,保健,保健功效,可推薦商品類別,眼睛保健
51,保健,保健功效,可推薦商品類別,提升調節免疫力
51,保健,保健功效,可推薦商品類別,腎臟保養
51,保健,保健功效,可推薦商品類別,護肝/抗疲勞
51,保健,高健康意識,是否有高健康意識,是
51,生活,生活用品偏好,有無生活用品偏好,有
51,美容,美容偏好,有無美容偏好,有
51,食品,食品偏好,有無食品偏好,有
51,寵物,寵物偏好,有無養寵物,無
52,基本類別,基本類別,性別,女
52,基本類別,基本類別,年齡區間,60-69
52,基本類別,基本類別,星座,水瓶座
52,基本類別,基本類別,居住縣市,台中市西區
52,基本類別,基本類別,會員等級,B級會員
52,基本類別,基本類別,會員年資分組,20年以上-25年以下
52,保健,保健功效,可推薦商品類別,眼睛保健
52,保健,保健功效,可推薦商品類別,體重管理
52,保健,高健康意識,是否有高健康意識,是
52,宗教商品,宗教風水偏好,有無宗教商品偏好,有
52,美容,美容偏好,有無美容偏好,有
52,美容,美容偏好,美妝保養類型偏好,護膚SPA
52,食品,食品偏好,有無食品偏好,有
53,基本類別,基本類別,性別,女
53,基本類別,基本類別,年齡區間,50-59
53,基本類別,基本類別,星座,雙魚座
53,基本類別,基本類別,居住縣市,桃園市八德區
53,基本類別,基本類別,會員等級,A級會員
53,基本類別,基本類別,會員年資分組,20年以上-25年以下
53,保健,保健功效,可推薦商品類別,加強心血管機能
53,保健,保健功效,可推薦商品類別,美容養顏
53,保健,保健功效,可推薦商品類別,強化靈活關節
53,保健,保健功效,可推薦商品類別,眼睛保健
53,保健,保健功效,可推薦商品類別,提升調節免疫力
53,保健,高健康意識,是否有高健康意識,是
53,生活,生活用品偏好,有無生活用品偏好,有
53,美容,美容偏好,有無美容偏好,有
53,食品,食品偏好,有無食品偏好,有
53,食品,飲食習慣,是否為素食者,是
54,基本類別,基本類別,性別,女
54,基本類別,基本類別,年齡區間,50-59
54,基本類別,基本類別,星座,白羊座
54,基本類別,基本類別,居住縣市,新北市蘆洲區
54,基本類別,基本類別,會員等級,A級會員
54,基本類別,基本類別,會員年資分組,20年以上-25年以下
54,保健,保健功效,可推薦商品類別,加強心血管機能
54,保健,保健功效,可推薦商品類別,美容養顏
54,保健,保健功效,可推薦商品類別,強化靈活關節
54,保健,保健功效,可推薦商品類別,提升調節免疫力
54,保健,保健功效,可推薦商品類別,體重管理
54,保健,高健康意識,是否有高健康意識,是
54,生活,生活用品偏好,有無生活用品偏好,有
54,美容,美容偏好,有無美容偏好,有
54,美容,美容偏好,美妝保養類型偏好,護膚SPA
54,食品,食品偏好,有無食品偏好,有
54,食品,飲食習慣,是否曾買過素食,是
54,寵物,寵物偏好,有無養寵物,無
55,基本類別,基本類別,性別,女
55,基本類別,基本類別,年齡區間,50-59
55,基本類別,基本類別,星座,雙魚座
55,基本類別,基本類別,居住縣市,新北市板橋區
55,基本類別,基本類別,會員等級,A級會員
55,基本類別,基本類別,會員年資分組,20年以上-25年以下
55,保健,保健功效,可推薦商品類別,美容養顏
55,保健,保健功效,可推薦商品類別,強化靈活關節
55,保健,保健功效,可推薦商品類別,眼睛保健
55,保健,保健功效,可推薦商品類別,提升調節免疫力
55,保健,保健功效,可推薦商品類別,體重管理
55,保健,高健康意識,是否有高健康意識,是
55,保健,網路瀏覽行為,保健瀏覽,提升免疫
55,保健,網路瀏覽行為,保健瀏覽,葉黃素
55,保健,網路瀏覽行為,保健瀏覽,關節保養
55,保健,網路瀏覽行為,保健瀏覽,體重管理
55,宗教商品,宗教風水偏好,有無宗教商品偏好,有
55,生活,生活用品偏好,有無生活用品偏好,有
55,美容,美容偏好,有無美容偏好,有
55,美容,美容偏好,美妝保養類型偏好,護膚SPA
55,食品,食品偏好,有無食品偏好,有
55,寵物,寵物偏好,有無養寵物,有
55,寵物,寵物偏好,寵物類型,狗
56,基本類別,基本類別,性別,女
56,基本類別,基本類別,年齡區間,60-69
56,基本類別,基本類別,星座,處女座
56,基本類別,基本類別,居住縣市,高雄市岡山區
56,基本類別,基本類別,會員等級,A級會員
56,基本類別,基本類別,會員年資分組,20年以上-25年以下
56,基本類別,基本類別,職業,上班族
56,保健,保健功效,可推薦商品類別,加強心血管機能
56,保健,保健功效,可推薦商品類別,美容養顏
56,保健,保健功效,可推薦商品類別,強化靈活關節
56,保健,保健功效,可推薦商品類別,眼睛保健
56,保健,保健功效,可推薦商品類別,提升調節免疫力
56,保健,保健功效,可推薦商品類別,護肝/抗疲勞
56,保健,保健功效,可推薦商品類別,體重管理
56,保健,高健康意識,是否有高健康意識,是
56,宗教商品,宗教風水偏好,有無宗教商品偏好,有
56,生活,生活用品偏好,有無生活用品偏好,有
56,美容,美容偏好,有無美容偏好,有
56,美容,美容偏好,美妝保養類型偏好,護膚SPA
56,食品,食品偏好,有無食品偏好,有
56,食品,飲食習慣,是否為素食者,是
57,基本類別,基本類別,性別,女
57,基本類別,基本類別,年齡區間,60-69
57,基本類別,基本類別,星座,處女座
57,基本類別,基本類別,居住縣市,高雄市前鎮區
57,基本類別,基本類別,會員等級,A級會員
57,基本類別,基本類別,會員年資分組,15年以上-20年以下
57,保健,保健功效,可推薦商品類別,加強心血管機能
57,保健,保健功效,可推薦商品類別,美容養顏
57,保健,保健功效,可推薦商品類別,強化靈活關節
57,保健,保健功效,可推薦商品類別,眼睛保健
57,保健,保健功效,可推薦商品類別,提升調節免疫力
57,保健,保健功效,可推薦商品類別,腎臟保養
57,保健,保健功效,可推薦商品類別,體重管理
57,保健,高健康意識,是否有高健康意識,是
57,旅遊,旅遊偏好,旅遊國家偏好,日韓
57,旅遊,旅遊偏好,旅遊國家偏好,台灣
57,旅遊,旅遊偏好,有無旅遊偏好,有
57,生活,生活用品偏好,有無生活用品偏好,有
57,美容,美容偏好,有無美容偏好,有
57,美容,美容偏好,美妝保養類型偏好,護膚SPA
57,食品,食品偏好,有無食品偏好,有
57,食品,飲食習慣,是否為素食者,是
57,寵物,寵物偏好,有無養寵物,無
58,基本類別,基本類別,性別,女
58,基本類別,基本類別,年齡區間,60-69
58,基本類別,基本類別,星座,水瓶座
58,基本類別,基本類別,居住縣市,新北市永和區
58,基本類別,基本類別,會員等級,B級會員
58,基本類別,基本類別,會員年資分組,20年以上-25年以下
58,基本類別,基本類別,職業,上班族
58,保健,保健功效,可推薦商品類別,美容養顏
58,保健,保健功效,可推薦商品類別,眼睛保健
58,保健,保健功效,可推薦商品類別,體重管理
58,保健,高健康意識,是否有高健康意識,是
58,旅遊,旅遊偏好,旅遊國家偏好,歐美
58,旅遊,旅遊偏好,有無旅遊偏好,有
58,生活,生活用品偏好,有無生活用品偏好,有
58,美容,美容偏好,有無美容偏好,有
58,美容,美容偏好,美妝保養類型偏好,美甲
58,美容,美容偏好,美妝保養類型偏好,醫美
58,美容,美容偏好,美妝保養類型偏好,護膚SPA
58,食品,食品偏好,有無食品偏好,有
58,寵物,寵物偏好,有無養寵物,無
59,基本類別,基本類別,性別,女
59,基本類別,基本類別,年齡區間,70-79
59,基本類別,基本類別,星座,天秤座
59,基本類別,基本類別,居住縣市,台北市文山區
59,基本類別,基本類別,會員等級,C級會員
59,基本類別,基本類別,會員年資分組,20年以上-25年以下
59,基本類別,基本類別,職業,家庭主婦
59,保健,保健功效,可推薦商品類別,美容養顏
59,保健,保健功效,可推薦商品類別,眼睛保健
59,保健,高健康意識,是否有高健康意識,是
59,宗教商品,宗教風水偏好,有無宗教商品偏好,有
59,旅遊,旅遊偏好,旅遊國家偏好,日韓
59,旅遊,旅遊偏好,有無旅遊偏好,有
59,生活,生活用品偏好,有無生活用品偏好,有
59,美容,美容偏好,有無美容偏好,有
59,美容,美容偏好,美妝保養類型偏好,護膚SPA
59,食品,食品偏好,有無食品偏好,有
60,基本類別,基本類別,性別,女
60,基本類別,基本類別,年齡區間,60-69
60,基本類別,基本類別,星座,獅子座
60,基本類別,基本類別,居住縣市,新北市八里區
60,基本類別,基本類別,會員等級,A級會員
60,基本類別,基本類別,會員年資分組,20年以上-25年以下
60,基本類別,基本類別,職業,退休族
60,保健,保健功效,可推薦商品類別,加強心血管機能
60,保健,保健功效,可推薦商品類別,美容養顏
60,保健,保健功效,可推薦商品類別,強化靈活關節
60,保健,保健功效,可推薦商品類別,眼睛保健
60,保健,保健功效,可推薦商品類別,提升調節免疫力
60,保健,保健功效,可推薦商品類別,腸胃保健
60,保健,保健功效,可推薦商品類別,護肝/抗疲勞
60,保健,保健功效,可推薦商品類別,體重管理
60,保健,高健康意識,是否有高健康意識,是
60,宗教商品,宗教風水偏好,有無宗教商品偏好,有
60,旅遊,旅遊偏好,旅遊國家偏好,日韓
60,旅遊,旅遊偏好,有無旅遊偏好,有
60,生活,生活用品偏好,有無生活用品偏好,有
60,美容,美容偏好,有無美容偏好,有
60,美容,美容偏好,美妝保養類型偏好,護膚SPA
60,食品,食品偏好,有無食品偏好,有
60,食品,飲食習慣,是否為素食者,是
60,寵物,寵物偏好,有無養寵物,有
60,寵物,寵物偏好,寵物類型,狗
61,基本類別,基本類別,性別,女
61,基本類別,基本類別,年齡區間,70-79
61,基本類別,基本類別,星座,水瓶座
61,基本類別,基本類別,居住縣市,新北市中和區
61,基本類別,基本類別,會員等級,A級會員
61,基本類別,基本類別,會員年資分組,20年以上-25年以下
61,基本類別,基本類別,職業,退休族
61,保健,保健功效,可推薦商品類別,加強心血管機能
61,保健,保健功效,可推薦商品類別,安神/幫助入睡
61,保健,保健功效,可推薦商品類別,美容養顏
61,保健,保健功效,可推薦商品類別,強化靈活關節
61,保健,保健功效,可推薦商品類別,提升調節免疫力
61,保健,保健功效,可推薦商品類別,腎臟保養
61,保健,保健功效,可推薦商品類別,體重管理
61,保健,高健康意識,是否有高健康意識,是
61,宗教商品,宗教風水偏好,有無宗教商品偏好,有
61,生活,生活用品偏好,有無生活用品偏好,有
61,美容,美容偏好,有無美容偏好,有
61,美容,美容偏好,美妝保養類型偏好,護膚SPA
61,食品,食品偏好,有無食品偏好,有
61,食品,飲食習慣,是否為素食者,是
61,寵物,寵物偏好,有無養寵物,無
62,基本類別,基本類別,性別,女
62,基本類別,基本類別,年齡區間,60-69
62,基本類別,基本類別,星座,雙魚座
62,基本類別,基本類別,居住縣市,台北市文山區
62,基本類別,基本類別,會員等級,A級會員
62,基本類別,基本類別,會員年資分組,20年以上-25年以下
62,保健,保健功效,可推薦商品類別,加強心血管機能
62,保健,保健功效,可推薦商品類別,美容養顏
62,保健,保健功效,可推薦商品類別,眼睛保健
62,保健,保健功效,可推薦商品類別,提升記憶力
62,保健,保健功效,可推薦商品類別,提升調節免疫力
62,保健,保健功效,可推薦商品類別,腎臟保養
62,保健,高健康意識,是否有高健康意識,是
62,旅遊,旅遊偏好,旅遊國家偏好,台灣
62,旅遊,旅遊偏好,有無旅遊偏好,有
62,生活,生活用品偏好,有無生活用品偏好,有
62,美容,美容偏好,有無美容偏好,有
62,美容,美容偏好,美妝保養類型偏好,護膚SPA
62,食品,食品偏好,有無食品偏好,有
62,食品,飲食習慣,是否為素食者,是
63,基本類別,基本類別,性別,女
63,基本類別,基本類別,年齡區間,60-69
63,基本類別,基本類別,星座,天秤座
63,基本類別,基本類別,居住縣市,新北市新店區
63,基本類別,基本類別,會員等級,A級會員
63,基本類別,基本類別,會員年資分組,20年以上-25年以下
63,保健,保健功效,可推薦商品類別,加強心血管機能
63,保健,保健功效,可推薦商品類別,安神/幫助入睡
63,保健,保健功效,可推薦商品類別,美容養顏
63,保健,保健功效,可推薦商品類別,強化靈活關節
63,保健,保健功效,可推薦商品類別,眼睛保健
63,保健,保健功效,可推薦商品類別,提升調節免疫力
63,保健,保健功效,可推薦商品類別,腸胃保健
63,保健,保健功效,可推薦商品類別,體重管理
63,保健,高健康意識,是否有高健康意識,是
63,生活,生活用品偏好,有無生活用品偏好,有
63,美容,美容偏好,有無美容偏好,有
63,美容,美容偏好,美妝保養類型偏好,醫美
63,美容,美容偏好,美妝保養類型偏好,護膚SPA
63,食品,食品偏好,有無食品偏好,有
63,食品,飲食習慣,是否為素食者,是
64,基本類別,基本類別,性別,女
64,基本類別,基本類別,年齡區間,70-79
64,基本類別,基本類別,星座,射手座
64,基本類別,基本類別,居住縣市,新北市三重區
64,基本類別,基本類別,會員等級,A級會員
64,基本類別,基本類別,會員年資分組,20年以上-25年以下
64,保健,保健功效,可推薦商品類別,加強心血管機能
64,保健,保健功效,可推薦商品類別,美容養顏
64,保健,保健功效,可推薦商品類別,強化靈活關節
64,保健,保健功效,可推薦商品類別,眼睛保健
64,保健,保健功效,可推薦商品類別,提升記憶力
64,保健,保健功效,可推薦商品類別,提升調節免疫力
64,保健,高健康意識,是否有高健康意識,是
64,宗教商品,宗教風水偏好,有無宗教商品偏好,有
64,旅遊,旅遊偏好,旅遊國家偏好,日韓
64,旅遊,旅遊偏好,有無旅遊偏好,有
64,生活,生活用品偏好,有無生活用品偏好,有
64,美容,美容偏好,有無美容偏好,有
64,美容,美容偏好,美妝保養類型偏好,彩妝
64,美容,美容偏好,美妝保養類型偏好,護膚SPA
64,食品,食品偏好,有無食品偏好,有
65,基本類別,基本類別,性別,女
65,基本類別,基本類別,年齡區間,60-69
65,基本類別,基本類別,星座,雙魚座
65,基本類別,基本類別,居住縣市,新北市永和區
65,基本類別,基本類別,會員等級,C級會員
65,基本類別,基本類別,會員年資分組,20年以上-25年以下
65,保健,保健功效,可推薦商品類別,眼睛保健
65,保健,高健康意識,是否有高健康意識,是
65,旅遊,旅遊偏好,旅遊國家偏好,日韓
65,旅遊,旅遊偏好,旅遊國家偏好,歐美
65,旅遊,旅遊偏好,有無旅遊偏好,有
65,生活,生活用品偏好,有無生活用品偏好,有
65,美容,美容偏好,有無美容偏好,有
65,美容,美容偏好,美妝保養類型偏好,護膚SPA
65,食品,食品偏好,有無食品偏好,有
65,寵物,寵物偏好,有無養寵物,無
66,基本類別,基本類別,性別,女
66,基本類別,基本類別,年齡區間,70-79
66,基本類別,基本類別,星座,射手座
66,基本類別,基本類別,居住縣市,台中市豐原區
66,基本類別,基本類別,會員等級,A級會員
66,基本類別,基本類別,會員年資分組,15年以上-20年以下
66,保健,保健功效,可推薦商品類別,加強心血管機能
66,保健,保健功效,可推薦商品類別,男仕精壯
66,保健,保健功效,可推薦商品類別,美容養顏
66,保健,保健功效,可推薦商品類別,強化靈活關節
66,保健,保健功效,可推薦商品類別,眼睛保健
66,保健,保健功效,可推薦商品類別,提升調節免疫力
66,保健,保健功效,可推薦商品類別,腎臟保養
66,保健,保健功效,可推薦商品類別,體重管理
66,保健,高健康意識,是否有高健康意識,是
66,宗教商品,宗教風水偏好,有無宗教商品偏好,有
66,旅遊,旅遊偏好,旅遊國家偏好,歐美
66,旅遊,旅遊偏好,有無旅遊偏好,有
66,生活,生活用品偏好,有無生活用品偏好,有
66,美容,美容偏好,有無美容偏好,有
66,美容,美容偏好,美妝保養類型偏好,護膚SPA
66,食品,食品偏好,有無食品偏好,有
66,寵物,寵物偏好,有無養寵物,無
67,基本類別,基本類別,性別,女
67,基本類別,基本類別,年齡區間,70-79
67,基本類別,基本類別,星座,處女座
67,基本類別,基本類別,居住縣市,台北市內湖區
67,基本類別,基本類別,會員等級,A級會員
67,基本類別,基本類別,會員年資分組,15年以上-20年以下
67,基本類別,基本類別,職業,退休族
67,保健,保健功效,可推薦商品類別,加強心血管機能
67,保健,保健功效,可推薦商品類別,強化靈活關節
67,保健,保健功效,可推薦商品類別,提升調節免疫力
67,保健,保健功效,可推薦商品類別,體重管理
67,保健,高健康意識,是否有高健康意識,是
67,旅遊,旅遊偏好,旅遊國家偏好,日韓
67,旅遊,旅遊偏好,有無旅遊偏好,有
67,生活,生活用品偏好,有無生活用品偏好,有
67,美容,美容偏好,有無美容偏好,有
67,美容,美容偏好,美妝保養類型偏好,護膚SPA
67,食品,食品偏好,有無食品偏好,有
67,食品,飲食習慣,是否為素食者,是
67,寵物,寵物偏好,有無養寵物,無
68,基本類別,基本類別,性別,女
68,基本類別,基本類別,年齡區間,50-59
68,基本類別,基本類別,星座,巨蟹座
68,基本類別,基本類別,居住縣市,高雄市楠梓區
68,基本類別,基本類別,會員等級,A級會員
68,基本類別,基本類別,會員年資分組,20年以上-25年以下
68,保健,保健功效,可推薦商品類別,安神/幫助入睡
68,保健,保健功效,可推薦商品類別,美容養顏
68,保健,保健功效,可推薦商品類別,強化靈活關節
68,保健,保健功效,可推薦商品類別,眼睛保健
68,保健,保健功效,可推薦商品類別,提升調節免疫力
68,保健,保健功效,可推薦商品類別,腸胃保健
68,保健,保健功效,可推薦商品類別,體重管理
68,保健,高健康意識,是否有高健康意識,是
68,旅遊,旅遊偏好,旅遊國家偏好,日韓
68,旅遊,旅遊偏好,有無旅遊偏好,有
68,生活,生活用品偏好,有無生活用品偏好,有
68,美容,美容偏好,有無美容偏好,有
68,美容,美容偏好,美妝保養類型偏好,護膚SPA
68,食品,食品偏好,有無食品偏好,有
68,食品,飲食習慣,是否為素食者,是
69,基本類別,基本類別,性別,男
69,基本類別,基本類別,年齡區間,50-59
69,基本類別,基本類別,星座,雙子座
69,基本類別,基本類別,居住縣市,新北市土城區
69,基本類別,基本類別,會員等級,A級會員
69,基本類別,基本類別,會員年資分組,15年以上-20年以下
69,基本類別,基本類別,職業,上班族
69,保健,保健功效,可推薦商品類別,加強心血管機能
69,保健,保健功效,可推薦商品類別,美容養顏
69,保健,保健功效,可推薦商品類別,強化靈活關節
69,保健,保健功效,可推薦商品類別,眼睛保健
69,保健,保健功效,可推薦商品類別,提升調節免疫力
69,保健,保健功效,可推薦商品類別,腎臟保養
69,保健,高健康意識,是否有高健康意識,是
69,宗教商品,宗教風水偏好,有無宗教商品偏好,有
69,旅遊,旅遊偏好,旅遊國家偏好,日韓
69,旅遊,旅遊偏好,旅遊國家偏好,東南亞
69,旅遊,旅遊偏好,旅遊國家偏好,歐美
69,旅遊,旅遊偏好,有無旅遊偏好,有
69,生活,生活用品偏好,有無生活用品偏好,有
69,美容,美容偏好,有無美容偏好,有
69,美容,美容偏好,美妝保養類型偏好,護膚SPA
69,食品,食品偏好,有無食品偏好,有
69,食品,飲食習慣,是否為素食者,是
70,基本類別,基本類別,性別,女
70,基本類別,基本類別,年齡區間,70-79
70,基本類別,基本類別,星座,雙子座
70,基本類別,基本類別,居住縣市,新北市板橋區
70,基本類別,基本類別,會員等級,A級會員
70,基本類別,基本類別,會員年資分組,20年以上-25年以下
70,基本類別,基本類別,職業,上班族
70,保健,保健功效,可推薦商品類別,加強心血管機能
70,保健,保健功效,可推薦商品類別,強化靈活關節
70,保健,保健功效,可推薦商品類別,眼睛保健
70,保健,保健功效,可推薦商品類別,提升調節免疫力
70,保健,保健功效,可推薦商品類別,體重管理
70,保健,高健康意識,是否有高健康意識,是
70,保健,網路瀏覽行為,保健瀏覽,提升免疫
70,保健,網路瀏覽行為,保健瀏覽,關節保養
70,保健,網路瀏覽行為,保健瀏覽,體重管理
70,宗教商品,宗教風水偏好,有無宗教商品偏好,有
70,旅遊,旅遊偏好,旅遊國家偏好,日韓
70,旅遊,旅遊偏好,有無旅遊偏好,有
70,生活,生活用品偏好,有無生活用品偏好,有
70,美容,美容偏好,有無美容偏好,有
70,食品,食品偏好,有無食品偏好,有
70,食品,飲食習慣,是否為素食者,是
71,基本類別,基本類別,性別,女
71,基本類別,基本類別,年齡區間,50-59
71,基本類別,基本類別,星座,獅子座
71,基本類別,基本類別,居住縣市,高雄市三民區
71,基本類別,基本類別,會員等級,A級會員
71,基本類別,基本類別,會員年資分組,20年以上-25年以下
71,保健,保健功效,可推薦商品類別,美容養顏
71,保健,保健功效,可推薦商品類別,眼睛保健
71,保健,保健功效,可推薦商品類別,提升調節免疫力
71,保健,保健功效,可推薦商品類別,體重管理
71,保健,高健康意識,是否有高健康意識,是
71,生活,生活用品偏好,有無生活用品偏好,有
71,美容,美容偏好,有無美容偏好,有
71,美容,美容偏好,美妝保養類型偏好,醫美
71,美容,美容偏好,美妝保養類型偏好,護膚SPA
71,食品,食品偏好,有無食品偏好,有
71,寵物,寵物偏好,有無養寵物,有
71,寵物,寵物偏好,寵物類型,狗
71,寵物,寵物偏好,寵物類型,鳥類
72,基本類別,基本類別,性別,女
72,基本類別,基本類別,年齡區間,50-59
72,基本類別,基本類別,星座,金牛座
72,基本類別,基本類別,居住縣市,新北市淡水區
72,基本類別,基本類別,會員等級,A級會員
72,基本類別,基本類別,會員年資分組,20年以上-25年以下
72,保健,保健功效,可推薦商品類別,加強心血管機能
72,保健,保健功效,可推薦商品類別,美容養顏
72,保健,保健功效,可推薦商品類別,眼睛保健
72,保健,保健功效,可推薦商品類別,提升調節免疫力
72,保健,保健功效,可推薦商品類別,體重管理
72,保健,高健康意識,是否有高健康意識,是
72,生活,生活用品偏好,有無生活用品偏好,有
72,美容,美容偏好,有無美容偏好,有
72,食品,食品偏好,有無食品偏好,有
72,寵物,寵物偏好,有無養寵物,無
73,基本類別,基本類別,性別,女
73,基本類別,基本類別,年齡區間,70-79
73,基本類別,基本類別,星座,獅子座
73,基本類別,基本類別,居住縣市,台中市北屯區
73,基本類別,基本類別,會員等級,A級會員
73,基本類別,基本類別,會員年資分組,20年以上-25年以下
73,保健,保健功效,可推薦商品類別,美容養顏
73,保健,保健功效,可推薦商品類別,提升調節免疫力
73,保健,保健功效,可推薦商品類別,體重管理
73,宗教商品,宗教風水偏好,有無宗教商品偏好,有
73,旅遊,旅遊偏好,旅遊國家偏好,大陸
73,旅遊,旅遊偏好,旅遊國家偏好,日韓
73,旅遊,旅遊偏好,旅遊國家偏好,台灣
73,旅遊,旅遊偏好,旅遊國家偏好,紐澳
73,旅遊,旅遊偏好,旅遊國家偏好,歐美
73,旅遊,旅遊偏好,有無旅遊偏好,有
73,生活,生活用品偏好,有無生活用品偏好,有
73,美容,美容偏好,有無美容偏好,有
73,美容,美容偏好,美妝保養類型偏好,護膚SPA
73,食品,食品偏好,有無食品偏好,有
73,寵物,寵物偏好,有無養寵物,無
74,基本類別,基本類別,性別,女
74,基本類別,基本類別,年齡區間,70-79
74,基本類別,基本類別,星座,處女座
74,基本類別,基本類別,居住縣市,新竹縣竹北市
74,基本類別,基本類別,會員等級,A級會員
74,基本類別,基本類別,會員年資分組,15年以上-20年以下
74,基本類別,基本類別,職業,退休族
74,保健,保健功效,可推薦商品類別,加強心血管機能
74,保健,保健功效,可推薦商品類別,美容養顏
74,保健,保健功效,可推薦商品類別,強化靈活關節
74,保健,保健功效,可推薦商品類別,眼睛保健
74,保健,保健功效,可推薦商品類別,提升調節免疫力
74,保健,保健功效,可推薦商品類別,腸胃保健
74,保健,保健功效,可推薦商品類別,護肝/抗疲勞
74,保健,高健康意識,是否有高健康意識,是
74,生活,生活用品偏好,有無生活用品偏好,有
74,美容,美容偏好,有無美容偏好,有
74,美容,美容偏好,美妝保養類型偏好,護膚SPA
74,食品,食品偏好,有無食品偏好,有
74,食品,飲食習慣,是否為素食者,是
74,寵物,寵物偏好,有無養寵物,無
75,基本類別,基本類別,性別,女
75,基本類別,基本類別,年齡區間,80以上
75,基本類別,基本類別,星座,白羊座
75,基本類別,基本類別,居住縣市,新北市淡水區
75,基本類別,基本類別,會員等級,A級會員
75,基本類別,基本類別,會員年資分組,15年以上-20年以下
75,基本類別,基本類別,職業,退休族
75,保健,保健功效,可推薦商品類別,加強心血管機能
75,保健,保健功效,可推薦商品類別,安神/幫助入睡
75,保健,保健功效,可推薦商品類別,血糖控制
75,保健,保健功效,可推薦商品類別,美容養顏
75,保健,保健功效,可推薦商品類別,強化靈活關節
75,保健,保健功效,可推薦商品類別,眼睛保健
75,保健,保健功效,可推薦商品類別,提升記憶力
75,保健,保健功效,可推薦商品類別,提升調節免疫力
75,保健,保健功效,可推薦商品類別,腎臟保養
75,保健,保健功效,可推薦商品類別,腸胃保健
75,保健,保健功效,可推薦商品類別,體重管理
75,保健,高健康意識,是否有高健康意識,是
75,生活,生活用品偏好,有無生活用品偏好,有
75,美容,美容偏好,有無美容偏好,有
75,食品,食品偏好,有無食品偏好,有
76,基本類別,基本類別,性別,女
76,基本類別,基本類別,年齡區間,80以上
76,基本類別,基本類別,星座,白羊座
76,基本類別,基本類別,居住縣市,台中市北區
76,基本類別,基本類別,會員等級,A級會員
76,基本類別,基本類別,會員年資分組,15年以上-20年以下
76,基本類別,基本類別,職業,退休族
76,保健,保健功效,可推薦商品類別,加強心血管機能
76,保健,保健功效,可推薦商品類別,美容養顏
76,保健,保健功效,可推薦商品類別,強化靈活關節
76,保健,保健功效,可推薦商品類別,眼睛保健
76,保健,保健功效,可推薦商品類別,提升調節免疫力
76,保健,保健功效,可推薦商品類別,體重管理
76,保健,高健康意識,是否有高健康意識,是
76,旅遊,旅遊偏好,旅遊國家偏好,大陸
76,旅遊,旅遊偏好,旅遊國家偏好,日韓
76,旅遊,旅遊偏好,旅遊國家偏好,台灣
76,旅遊,旅遊偏好,旅遊國家偏好,紐澳
76,旅遊,旅遊偏好,旅遊國家偏好,歐美
76,旅遊,旅遊偏好,有無旅遊偏好,有
76,生活,生活用品偏好,有無生活用品偏好,有
76,美容,美容偏好,有無美容偏好,有
76,美容,美容偏好,美妝保養類型偏好,護膚SPA
76,食品,食品偏好,有無食品偏好,有
76,食品,飲食習慣,是否為素食者,是
76,寵物,寵物偏好,有無養寵物,無
77,基本類別,基本類別,性別,女
77,基本類別,基本類別,年齡區間,70-79
77,基本類別,基本類別,星座,摩羯座
77,基本類別,基本類別,居住縣市,台南市北區
77,基本類別,基本類別,會員等級,A級會員
77,基本類別,基本類別,會員年資分組,15年以上-20年以下
77,保健,保健功效,可推薦商品類別,加強心血管機能
77,保健,保健功效,可推薦商品類別,美容養顏
77,保健,保健功效,可推薦商品類別,強化靈活關節
77,保健,保健功效,可推薦商品類別,提升記憶力
77,保健,保健功效,可推薦商品類別,提升調節免疫力
77,保健,保健功效,可推薦商品類別,體重管理
77,保健,高健康意識,是否有高健康意識,是
77,生活,生活用品偏好,有無生活用品偏好,有
77,美容,美容偏好,有無美容偏好,有
77,食品,食品偏好,有無食品偏好,有
77,食品,飲食習慣,是否為素食者,是
78,基本類別,基本類別,性別,女
78,基本類別,基本類別,年齡區間,70-79
78,基本類別,基本類別,星座,雙魚座
78,基本類別,基本類別,居住縣市,新北市新店區
78,基本類別,基本類別,會員等級,A級會員
78,基本類別,基本類別,會員年資分組,15年以上-20年以下
78,保健,保健功效,可推薦商品類別,安神/幫助入睡
78,保健,保健功效,可推薦商品類別,美容養顏
78,保健,保健功效,可推薦商品類別,強化靈活關節
78,保健,保健功效,可推薦商品類別,眼睛保健
78,保健,保健功效,可推薦商品類別,提升記憶力
78,保健,保健功效,可推薦商品類別,提升調節免疫力
78,保健,保健功效,可推薦商品類別,體重管理
78,保健,高健康意識,是否有高健康意識,是
78,宗教商品,宗教風水偏好,有無宗教商品偏好,有
78,生活,生活用品偏好,有無生活用品偏好,有
78,美容,美容偏好,有無美容偏好,有
78,食品,食品偏好,有無食品偏好,有
78,食品,飲食習慣,是否為素食者,是
78,寵物,寵物偏好,有無養寵物,無
79,基本類別,基本類別,性別,女
79,基本類別,基本類別,年齡區間,40-49
79,基本類別,基本類別,星座,水瓶座
79,基本類別,基本類別,居住縣市,新北市鶯歌區
79,基本類別,基本類別,會員等級,A級會員
79,基本類別,基本類別,會員年資分組,15年以上-20年以下
79,保健,保健功效,可推薦商品類別,眼睛保健
79,保健,保健功效,可推薦商品類別,提升調節免疫力
79,保健,保健功效,可推薦商品類別,護肝/抗疲勞
79,保健,保健功效,可推薦商品類別,體重管理
79,保健,高健康意識,是否有高健康意識,是
79,宗教商品,宗教風水偏好,有無宗教商品偏好,有
79,旅遊,旅遊偏好,旅遊國家偏好,台灣
79,旅遊,旅遊偏好,旅遊國家偏好,歐美
79,旅遊,旅遊偏好,有無旅遊偏好,有
79,生活,生活用品偏好,有無生活用品偏好,有
79,美容,美容偏好,有無美容偏好,有
79,美容,美容偏好,美妝保養類型偏好,醫美
79,美容,美容偏好,美妝保養類型偏好,護膚SPA
79,食品,食品偏好,有無食品偏好,有
79,寵物,寵物偏好,有無養寵物,無
80,基本類別,基本類別,性別,女
80,基本類別,基本類別,年齡區間,70-79
80,基本類別,基本類別,星座,雙子座
80,基本類別,基本類別,居住縣市,新北市板橋區
80,基本類別,基本類別,會員等級,A級會員
80,基本類別,基本類別,會員年資分組,15年以上-20年以下
80,基本類別,基本類別,職業,退休族
80,保健,保健功效,可推薦商品類別,加強心血管機能
80,保健,保健功效,可推薦商品類別,美容養顏
80,保健,保健功效,可推薦商品類別,強化靈活關節
80,保健,保健功效,可推薦商品類別,眼睛保健
80,保健,高健康意識,是否有高健康意識,是
80,旅遊,旅遊偏好,旅遊國家偏好,日韓
80,旅遊,旅遊偏好,旅遊國家偏好,歐美
80,旅遊,旅遊偏好,有無旅遊偏好,有
80,生活,生活用品偏好,有無生活用品偏好,有
80,美容,美容偏好,有無美容偏好,有
80,美容,美容偏好,美妝保養類型偏好,護膚SPA
80,食品,食品偏好,有無食品偏好,有
80,食品,飲食習慣,是否曾買過素食,是
80,寵物,寵物偏好,有無養寵物,無
81,基本類別,基本類別,性別,女
81,基本類別,基本類別,年齡區間,60-69
81,基本類別,基本類別,星座,金牛座
81,基本類別,基本類別,居住縣市,新北市淡水區
81,基本類別,基本類別,會員等級,A級會員
81,基本類別,基本類別,會員年資分組,15年以上-20年以下
81,基本類別,基本類別,職業,退休族
81,保健,保健功效,可推薦商品類別,加強心血管機能
81,保健,保健功效,可推薦商品類別,強化靈活關節
81,保健,保健功效,可推薦商品類別,眼睛保健
81,保健,保健功效,可推薦商品類別,提升調節免疫力
81,保健,保健功效,可推薦商品類別,體重管理
81,保健,高健康意識,是否有高健康意識,是
81,旅遊,旅遊偏好,旅遊國家偏好,歐美
81,旅遊,旅遊偏好,有無旅遊偏好,有
81,生活,生活用品偏好,有無生活用品偏好,有
81,美容,美容偏好,有無美容偏好,有
81,食品,食品偏好,有無食品偏好,有
81,食品,飲食習慣,是否為素食者,是
81,寵物,寵物偏好,有無養寵物,無
82,基本類別,基本類別,性別,女
82,基本類別,基本類別,年齡區間,60-69
82,基本類別,基本類別,星座,天秤座
82,基本類別,基本類別,居住縣市,新北市樹林區
82,基本類別,基本類別,會員等級,A級會員
82,基本類別,基本類別,會員年資分組,15年以上-20年以下
82,保健,保健功效,可推薦商品類別,加強心血管機能
82,保健,保健功效,可推薦商品類別,美容養顏
82,保健,保健功效,可推薦商品類別,體重管理
82,保健,高健康意識,是否有高健康意識,是
82,保健,網路瀏覽行為,保健瀏覽,體重管理
82,宗教商品,宗教風水偏好,有無宗教商品偏好,有
82,生活,生活用品偏好,有無生活用品偏好,有
82,美容,美容偏好,有無美容偏好,有
82,食品,食品偏好,有無食品偏好,有
82,食品,飲食習慣,是否曾買過素食,是
82,食品,飲食習慣,是否為素食者,是
82,寵物,寵物偏好,有無養寵物,無
83,基本類別,基本類別,性別,男
83,基本類別,基本類別,年齡區間,60-69
83,基本類別,基本類別,星座,天蠍座
83,基本類別,基本類別,居住縣市,台北市士林區
83,基本類別,基本類別,會員等級,B級會員
83,基本類別,基本類別,會員年資分組,20年以上-25年以下
83,基本類別,基本類別,職業,上班族
83,保健,保健功效,可推薦商品類別,加強心血管機能
83,保健,保健功效,可推薦商品類別,提升調節免疫力
83,保健,保健功效,可推薦商品類別,體重管理
83,保健,高健康意識,是否有高健康意識,是
83,保健,網路瀏覽行為,保健瀏覽,提升免疫
83,生活,生活用品偏好,有無生活用品偏好,有
83,美容,美容偏好,有無美容偏好,有
83,食品,食品偏好,有無食品偏好,有
83,寵物,寵物偏好,有無養寵物,無
84,基本類別,基本類別,性別,女
84,基本類別,基本類別,年齡區間,60-69
84,基本類別,基本類別,星座,處女座
84,基本類別,基本類別,居住縣市,桃園市中壢區
84,基本類別,基本類別,會員等級,A級會員
84,基本類別,基本類別,會員年資分組,15年以上-20年以下
84,基本類別,基本類別,職業,家庭主婦
84,保健,保健功效,可推薦商品類別,男仕精壯
84,保健,保健功效,可推薦商品類別,美容養顏
84,保健,保健功效,可推薦商品類別,強化靈活關節
84,保健,保健功效,可推薦商品類別,提升調節免疫力
84,保健,保健功效,可推薦商品類別,護肝/抗疲勞
84,保健,保健功效,可推薦商品類別,體重管理
84,保健,高健康意識,是否有高健康意識,是
84,宗教商品,宗教風水偏好,有無宗教商品偏好,有
84,旅遊,旅遊偏好,旅遊國家偏好,日韓
84,旅遊,旅遊偏好,有無旅遊偏好,有
84,生活,生活用品偏好,有無生活用品偏好,有
84,美容,美容偏好,有無美容偏好,有
84,食品,食品偏好,有無食品偏好,有
85,基本類別,基本類別,性別,女
85,基本類別,基本類別,年齡區間,70-79
85,基本類別,基本類別,星座,天蠍座
85,基本類別,基本類別,居住縣市,高雄市楠梓區
85,基本類別,基本類別,會員等級,A級會員
85,基本類別,基本類別,會員年資分組,15年以上-20年以下
85,保健,保健功效,可推薦商品類別,美容養顏
85,保健,保健功效,可推薦商品類別,強化靈活關節
85,保健,保健功效,可推薦商品類別,眼睛保健
85,保健,高健康意識,是否有高健康意識,是
85,宗教商品,宗教風水偏好,有無宗教商品偏好,有
85,旅遊,旅遊偏好,旅遊國家偏好,日韓
85,旅遊,旅遊偏好,有無旅遊偏好,有
85,生活,生活用品偏好,有無生活用品偏好,有
85,美容,美容偏好,有無美容偏好,有
85,美容,美容偏好,美妝保養類型偏好,護膚SPA
85,食品,食品偏好,有無食品偏好,有
85,寵物,寵物偏好,有無養寵物,無
86,基本類別,基本類別,性別,男
86,基本類別,基本類別,年齡區間,70-79
86,基本類別,基本類別,星座,處女座
86,基本類別,基本類別,居住縣市,台北市內湖區
86,基本類別,基本類別,會員等級,A級會員
86,基本類別,基本類別,會員年資分組,15年以上-20年以下
86,保健,保健功效,可推薦商品類別,加強心血管機能
86,保健,保健功效,可推薦商品類別,美容養顏
86,保健,保健功效,可推薦商品類別,強化靈活關節
86,保健,保健功效,可推薦商品類別,眼睛保健
86,保健,保健功效,可推薦商品類別,提升記憶力
86,保健,保健功效,可推薦商品類別,提升調節免疫力
86,保健,保健功效,可推薦商品類別,腎臟保養
86,保健,保健功效,可推薦商品類別,腸胃保健
86,保健,保健功效,可推薦商品類別,體重管理
86,保健,高健康意識,是否有高健康意識,是
86,生活,生活用品偏好,有無生活用品偏好,有
86,美容,美容偏好,有無美容偏好,有
86,美容,美容偏好,美妝保養類型偏好,護膚SPA
86,食品,食品偏好,有無食品偏好,有
86,寵物,寵物偏好,有無養寵物,無
87,基本類別,基本類別,性別,女
87,基本類別,基本類別,年齡區間,60-69
87,基本類別,基本類別,星座,處女座
87,基本類別,基本類別,居住縣市,高雄市左營區
87,基本類別,基本類別,會員等級,A級會員
87,基本類別,基本類別,會員年資分組,20年以上-25年以下
87,保健,保健功效,可推薦商品類別,加強心血管機能
87,保健,保健功效,可推薦商品類別,安神/幫助入睡
87,保健,保健功效,可推薦商品類別,美容養顏
87,保健,保健功效,可推薦商品類別,強化靈活關節
87,保健,保健功效,可推薦商品類別,提升記憶力
87,保健,保健功效,可推薦商品類別,提升調節免疫力
87,保健,保健功效,可推薦商品類別,體重管理
87,保健,高健康意識,是否有高健康意識,是
87,宗教商品,宗教風水偏好,有無宗教商品偏好,有
87,生活,生活用品偏好,有無生活用品偏好,有
87,美容,美容偏好,有無美容偏好,有
87,美容,美容偏好,美妝保養類型偏好,護膚SPA
87,食品,食品偏好,有無食品偏好,有
87,食品,飲食習慣,是否為素食者,是
88,基本類別,基本類別,性別,女
88,基本類別,基本類別,年齡區間,60-69
88,基本類別,基本類別,星座,白羊座
88,基本類別,基本類別,居住縣市,新北市新莊區
88,基本類別,基本類別,會員等級,A級會員
88,基本類別,基本類別,會員年資分組,20年以上-25年以下
88,保健,保健功效,可推薦商品類別,美容養顏
88,保健,保健功效,可推薦商品類別,眼睛保健
88,保健,保健功效,可推薦商品類別,提升調節免疫力
88,保健,高健康意識,是否有高健康意識,是
88,旅遊,旅遊偏好,旅遊國家偏好,日韓
88,旅遊,旅遊偏好,有無旅遊偏好,有
88,生活,生活用品偏好,有無生活用品偏好,有
88,美容,美容偏好,有無美容偏好,有
88,美容,美容偏好,美妝保養類型偏好,護膚SPA
88,食品,食品偏好,有無食品偏好,有
89,基本類別,基本類別,性別,女
89,基本類別,基本類別,年齡區間,50-59
89,基本類別,基本類別,星座,巨蟹座
89,基本類別,基本類別,居住縣市,新北市新莊區
89,基本類別,基本類別,會員等級,A級會員
89,基本類別,基本類別,會員年資分組,10年以上-15年以下
89,保健,保健功效,可推薦商品類別,加強心血管機能
89,保健,保健功效,可推薦商品類別,美容養顏
89,保健,保健功效,可推薦商品類別,強化靈活關節
89,保健,保健功效,可推薦商品類別,提升調節免疫力
89,保健,保健功效,可推薦商品類別,體重管理
89,保健,高健康意識,是否有高健康意識,是
89,旅遊,旅遊偏好,旅遊國家偏好,日韓
89,旅遊,旅遊偏好,旅遊國家偏好,台灣
89,旅遊,旅遊偏好,旅遊國家偏好,歐美
89,旅遊,旅遊偏好,有無旅遊偏好,有
89,生活,生活用品偏好,有無生活用品偏好,有
89,美容,美容偏好,有無美容偏好,有
89,美容,美容偏好,美妝保養類型偏好,護膚SPA
89,食品,食品偏好,有無食品偏好,有
90,基本類別,基本類別,性別,女
90,基本類別,基本類別,年齡區間,70-79
90,基本類別,基本類別,星座,白羊座
90,基本類別,基本類別,居住縣市,桃園市桃園區
90,基本類別,基本類別,會員等級,A級會員
90,基本類別,基本類別,會員年資分組,15年以上-20年以下
90,保健,保健功效,可推薦商品類別,加強心血管機能
90,保健,保健功效,可推薦商品類別,美容養顏
90,保健,保健功效,可推薦商品類別,強化靈活關節
90,保健,保健功效,可推薦商品類別,眼睛保健
90,保健,保健功效,可推薦商品類別,提升調節免疫力
90,保健,保健功效,可推薦商品類別,體重管理
90,旅遊,旅遊偏好,旅遊國家偏好,大陸
90,旅遊,旅遊偏好,旅遊國家偏好,日韓
90,旅遊,旅遊偏好,旅遊國家偏好,台灣
90,旅遊,旅遊偏好,旅遊國家偏好,紐澳
90,旅遊,旅遊偏好,旅遊國家偏好,歐美
90,旅遊,旅遊偏好,有無旅遊偏好,有
90,生活,生活用品偏好,有無生活用品偏好,有
90,美容,美容偏好,有無美容偏好,有
90,食品,食品偏好,有無食品偏好,有
90,食品,飲食習慣,是否為素食者,是
90,寵物,寵物偏好,有無養寵物,有
90,寵物,寵物偏好,寵物類型,貓
91,基本類別,基本類別,性別,女
91,基本類別,基本類別,年齡區間,80以上
91,基本類別,基本類別,星座,雙子座
91,基本類別,基本類別,居住縣市,台北市中山區
91,基本類別,基本類別,會員等級,A級會員
91,基本類別,基本類別,會員年資分組,15年以上-20年以下
91,保健,保健功效,可推薦商品類別,加強心血管機能
91,保健,保健功效,可推薦商品類別,美容養顏
91,保健,保健功效,可推薦商品類別,強化靈活關節
91,保健,保健功效,可推薦商品類別,眼睛保健
91,保健,保健功效,可推薦商品類別,提升調節免疫力
91,保健,保健功效,可推薦商品類別,體重管理
91,保健,高健康意識,是否有高健康意識,是
91,生活,生活用品偏好,有無生活用品偏好,有
91,美容,美容偏好,有無美容偏好,有
91,美容,美容偏好,美妝保養類型偏好,護膚SPA
91,食品,食品偏好,有無食品偏好,有
91,食品,飲食習慣,是否為素食者,是
91,寵物,寵物偏好,有無養寵物,無
92,基本類別,基本類別,性別,女
92,基本類別,基本類別,年齡區間,60-69
92,基本類別,基本類別,星座,水瓶座
92,基本類別,基本類別,居住縣市,桃園市桃園區
92,基本類別,基本類別,會員等級,A級會員
92,基本類別,基本類別,會員年資分組,15年以上-20年以下
92,保健,保健功效,可推薦商品類別,加強心血管機能
92,保健,保健功效,可推薦商品類別,美容養顏
92,保健,保健功效,可推薦商品類別,強化靈活關節
92,保健,保健功效,可推薦商品類別,體重管理
92,保健,高健康意識,是否有高健康意識,是
92,宗教商品,宗教風水偏好,有無宗教商品偏好,有
92,旅遊,旅遊偏好,旅遊國家偏好,大陸
92,旅遊,旅遊偏好,旅遊國家偏好,日韓
92,旅遊,旅遊偏好,旅遊國家偏好,紐澳
92,旅遊,旅遊偏好,旅遊國家偏好,歐美
92,旅遊,旅遊偏好,有無旅遊偏好,有
92,生活,生活用品偏好,有無生活用品偏好,有
92,美容,美容偏好,有無美容偏好,有
92,食品,食品偏好,有無食品偏好,有
92,寵物,寵物偏好,有無養寵物,無
93,基本類別,基本類別,性別,女
93,基本類別,基本類別,年齡區間,50-59
93,基本類別,基本類別,星座,雙子座
93,基本類別,基本類別,居住縣市,桃園市中壢區
93,基本類別,基本類別,會員等級,A級會員
93,基本類別,基本類別,會員年資分組,10年以上-15年以下
93,基本類別,基本類別,職業,上班族
93,保健,保健功效,可推薦商品類別,強化靈活關節
93,保健,保健功效,可推薦商品類別,提升調節免疫力
93,生活,生活用品偏好,有無生活用品偏好,有
93,美容,美容偏好,有無美容偏好,有
93,美容,美容偏好,美妝保養類型偏好,護膚SPA
93,食品,食品偏好,有無食品偏好,有
93,寵物,寵物偏好,有無養寵物,無
94,基本類別,基本類別,性別,女
94,基本類別,基本類別,年齡區間,60-69
94,基本類別,基本類別,星座,巨蟹座
94,基本類別,基本類別,居住縣市,新北市新莊區
94,基本類別,基本類別,會員等級,A級會員
94,基本類別,基本類別,會員年資分組,20年以上-25年以下
94,保健,保健功效,可推薦商品類別,美容養顏
94,保健,保健功效,可推薦商品類別,強化靈活關節
94,保健,保健功效,可推薦商品類別,眼睛保健
94,保健,保健功效,可推薦商品類別,提升調節免疫力
94,保健,保健功效,可推薦商品類別,體重管理
94,旅遊,旅遊偏好,旅遊國家偏好,歐美
94,旅遊,旅遊偏好,有無旅遊偏好,有
94,生活,生活用品偏好,有無生活用品偏好,有
94,美容,美容偏好,有無美容偏好,有
94,食品,食品偏好,有無食品偏好,有
94,寵物,寵物偏好,有無養寵物,有
94,寵物,寵物偏好,寵物類型,狗
95,基本類別,基本類別,性別,女
95,基本類別,基本類別,年齡區間,60-69
95,基本類別,基本類別,星座,天秤座
95,基本類別,基本類別,居住縣市,新北市永和區
95,基本類別,基本類別,會員等級,A級會員
95,基本類別,基本類別,會員年資分組,5年以上-10年以下
95,保健,保健功效,可推薦商品類別,加強心血管機能
95,保健,保健功效,可推薦商品類別,美容養顏
95,保健,保健功效,可推薦商品類別,強化靈活關節
95,保健,保健功效,可推薦商品類別,眼睛保健
95,保健,保健功效,可推薦商品類別,提升調節免疫力
95,保健,保健功效,可推薦商品類別,體重管理
95,保健,高健康意識,是否有高健康意識,是
95,旅遊,旅遊偏好,旅遊國家偏好,日韓
95,旅遊,旅遊偏好,旅遊國家偏好,台灣
95,旅遊,旅遊偏好,有無旅遊偏好,有
95,生活,生活用品偏好,有無生活用品偏好,有
95,美容,美容偏好,有無美容偏好,有
95,美容,美容偏好,美妝保養類型偏好,護膚SPA
95,食品,食品偏好,有無食品偏好,有
95,食品,飲食習慣,是否為素食者,是
96,基本類別,基本類別,性別,女
96,基本類別,基本類別,年齡區間,60-69
96,基本類別,基本類別,星座,摩羯座
96,基本類別,基本類別,居住縣市,台中市清水區
96,基本類別,基本類別,會員等級,A級會員
96,基本類別,基本類別,會員年資分組,5年以上-10年以下
96,基本類別,基本類別,職業,家庭主婦
96,保健,保健功效,可推薦商品類別,女性保養
96,保健,保健功效,可推薦商品類別,加強心血管機能
96,保健,保健功效,可推薦商品類別,美容養顏
96,保健,保健功效,可推薦商品類別,強化靈活關節
96,保健,保健功效,可推薦商品類別,眼睛保健
96,保健,保健功效,可推薦商品類別,提升調節免疫力
96,保健,保健功效,可推薦商品類別,腸胃保健
96,保健,保健功效,可推薦商品類別,護肝/抗疲勞
96,保健,保健功效,可推薦商品類別,體重管理
96,保健,高健康意識,是否有高健康意識,是
96,宗教商品,宗教風水偏好,有無宗教商品偏好,有
96,生活,生活用品偏好,有無生活用品偏好,有
96,美容,美容偏好,有無美容偏好,有
96,美容,美容偏好,美妝保養類型偏好,護膚SPA
96,食品,食品偏好,有無食品偏好,有
96,食品,飲食習慣,是否為素食者,是
97,基本類別,基本類別,性別,女
97,基本類別,基本類別,年齡區間,60-69
97,基本類別,基本類別,星座,雙子座
97,基本類別,基本類別,居住縣市,高雄市橋頭區
97,基本類別,基本類別,會員等級,A級會員
97,基本類別,基本類別,會員年資分組,5年以上-10年以下
97,基本類別,基本類別,職業,退休族
97,保健,保健功效,可推薦商品類別,美容養顏
97,保健,保健功效,可推薦商品類別,強化靈活關節
97,保健,保健功效,可推薦商品類別,眼睛保健
97,保健,保健功效,可推薦商品類別,提升調節免疫力
97,保健,保健功效,可推薦商品類別,腸胃保健
97,保健,保健功效,可推薦商品類別,護肝/抗疲勞
97,保健,高健康意識,是否有高健康意識,是
97,宗教商品,宗教風水偏好,有無宗教商品偏好,有
97,旅遊,旅遊偏好,旅遊國家偏好,台灣
97,旅遊,旅遊偏好,有無旅遊偏好,有
97,生活,生活用品偏好,有無生活用品偏好,有
97,美容,美容偏好,有無美容偏好,有
97,美容,美容偏好,美妝保養類型偏好,護膚SPA
97,食品,食品偏好,有無食品偏好,有
97,寵物,寵物偏好,有無養寵物,無
98,基本類別,基本類別,性別,女
98,基本類別,基本類別,年齡區間,60-69
98,基本類別,基本類別,星座,獅子座
98,基本類別,基本類別,居住縣市,新北市板橋區
98,基本類別,基本類別,會員等級,A級會員
98,基本類別,基本類別,會員年資分組,5年以上-10年以下
98,基本類別,基本類別,職業,家庭主婦
98,保健,保健功效,可推薦商品類別,加強心血管機能
98,保健,保健功效,可推薦商品類別,安神/幫助入睡
98,保健,保健功效,可推薦商品類別,血糖控制
98,保健,保健功效,可推薦商品類別,美容養顏
98,保健,保健功效,可推薦商品類別,強化靈活關節
98,保健,保健功效,可推薦商品類別,眼睛保健
98,保健,保健功效,可推薦商品類別,提升記憶力
98,保健,保健功效,可推薦商品類別,提升調節免疫力
98,保健,保健功效,可推薦商品類別,腎臟保養
98,保健,保健功效,可推薦商品類別,體重管理
98,保健,高健康意識,是否有高健康意識,是
98,旅遊,旅遊偏好,旅遊國家偏好,日韓
98,旅遊,旅遊偏好,有無旅遊偏好,有
98,生活,生活用品偏好,有無生活用品偏好,有
98,美容,美容偏好,有無美容偏好,有
98,食品,食品偏好,有無食品偏好,有
98,食品,飲食習慣,是否為素食者,是
98,寵物,寵物偏好,有無養寵物,有
98,寵物,寵物偏好,寵物類型,兩棲水族類
99,基本類別,基本類別,性別,女
99,基本類別,基本類別,年齡區間,60-69
99,基本類別,基本類別,星座,巨蟹座
99,基本類別,基本類別,居住縣市,高雄市鳥松區
99,基本類別,基本類別,會員等級,A級會員
99,基本類別,基本類別,會員年資分組,1年以上-5年以下
99,基本類別,基本類別,職業,退休族
99,保健,保健功效,可推薦商品類別,美容養顏
99,保健,保健功效,可推薦商品類別,強化靈活關節
99,保健,保健功效,可推薦商品類別,眼睛保健
99,保健,保健功效,可推薦商品類別,提升調節免疫力
99,保健,高健康意識,是否有高健康意識,是
99,生活,生活用品偏好,有無生活用品偏好,有
99,美容,美容偏好,有無美容偏好,有
99,美容,美容偏好,美妝保養類型偏好,護膚SPA
99,食品,食品偏好,有無食品偏好,有
99,食品,飲食習慣,是否為素食者,是
99,寵物,寵物偏好,有無養寵物,無
100,基本類別,基本類別,性別,女
100,基本類別,基本類別,年齡區間,70-79
100,基本類別,基本類別,星座,雙子座
100,基本類別,基本類別,居住縣市,高雄市三民區
100,基本類別,基本類別,會員等級,A級會員
100,基本類別,基本類別,會員年資分組,5年以上-10年以下
100,基本類別,基本類別,職業,退休族
100,保健,保健功效,可推薦商品類別,美容養顏
100,保健,保健功效,可推薦商品類別,強化靈活關節
100,保健,保健功效,可推薦商品類別,眼睛保健
100,保健,保健功效,可推薦商品類別,提升調節免疫力
100,保健,保健功效,可推薦商品類別,體重管理
100,保健,高健康意識,是否有高健康意識,是
100,宗教商品,宗教風水偏好,有無宗教商品偏好,有
100,生活,生活用品偏好,有無生活用品偏好,有
100,美容,美容偏好,有無美容偏好,有
100,美容,美容偏好,美妝保養類型偏好,護膚SPA
100,食品,食品偏好,有無食品偏好,有
100,食品,飲食習慣,是否曾買過素食,是
100,食品,飲食習慣,是否為素食者,是
100,寵物,寵物偏好,有無養寵物,無
